来源sheet,序号,时间,产品名称,SKU,开发,运营,采购数量,CPC段,市场价格段,开品理由,开发备注,竞品链接1,竞品链接2,竞品链接3,售价,空运利润$,空运利润率,海运利润$,海运利润率,站点,汇率,长cm,宽cm,高cm,体积重kg,毛重kg,采购价¥,供应商,材质,中文报关名,英文报关名,产品尺寸
英国,1,46203,【定制】亚克力挂牌-【生命秋树】,2551904,陈杨,尹心如,10,,,秋季元素,,https://www.amazon.co.uk/dp/B0FBWX9C1N/ref=mweb_up_am_fl_st_na_un_up_sm_web,https://www.amazon.co.uk/stylesnap?q=https%3A%2F%2Fm.media-amazon.com%2Fimages%2FI%2F81XF8P1OQrL._AC_SL1500_.jpg,,6.99,2.23895667447307,0.320308537120611,2.44972950819672,0.350462018340017,UK,8.54,20,20,0.5,0.0333333333333333,0.06,4,义乌市鼎禾工艺品有限公司,亚克力,挂件,Pendant,20*20
英国,2,46203,【定制】亚克力挂牌-【枫叶罗宾】,2551905,陈杨,尹心如,15,,,秋季元素,,https://www.amazon.co.uk/dp/B0GV2J1963/ref=mweb_up_am_fl_st_na_un_up_sm_web,https://www.amazon.co.uk/stylesnap?q=https%3A%2F%2Fm.media-amazon.com%2Fimages%2FI%2F81vBUuLZvpL._SL400_.jpg,,6.99,2.23895667447307,0.320308537120611,2.44972950819672,0.350462018340017,UK,8.54,20,20,0.5,0.0333333333333333,0.06,4,义乌市鼎禾工艺品有限公司,亚克力,挂件,Pendant,20*20
英国,3,46203,【定制】亚克力挂牌-【枫叶知更鸟】,2551906,陈杨,"张奋奋
余江燕","10
15",,,秋季元素,,https://www.amazon.co.uk/dp/B0GV2J1963/ref=mweb_up_am_fl_st_na_un_up_sm_web,https://www.amazon.co.uk/stylesnap?q=https%3A%2F%2Fm.media-amazon.com%2Fimages%2FI%2F81vBUuLZvpL._SL400_.jpg,,6.99,2.23895667447307,0.320308537120611,2.44972950819672,0.350462018340017,UK,8.54,20,20,0.5,0.0333333333333333,0.06,4,义乌市鼎禾工艺品有限公司,亚克力,挂件,Pendant,20*20
英国,4,46203,【定制】亚克力挂牌-【枫叶猫咪】,2551907,陈杨,"尹心如
余江燕","15
10",,,秋季元素,,https://www.amazon.co.uk/dp/B0GVYWY25T/ref=mweb_up_am_fl_st_na_un_up_sm_web?th=1,https://www.amazon.co.uk/stylesnap?q=https%3A%2F%2Fm.media-amazon.com%2Fimages%2FI%2F81dW9akWzbL._AC_SL1500_.jpg,https://www.amazon.com/XINCEYWJ-Suncatchers-Catchers-Christmas-6-5x8-8in/dp/B0GZDSWXQX/ref,6.99,2.23895667447307,0.320308537120611,2.44972950819672,0.350462018340017,UK,8.54,20,20,0.5,0.0333333333333333,0.06,4,义乌市鼎禾工艺品有限公司,亚克力,挂件,Pendant,20*20
英国,5,46203,【定制】【4set】亚克力口袋卡片-【粉天使】,2551908,陈杨,尹心如,10,,,供应商新款,,https://www.amazon.co.uk/dp/B0G39297SB/ref,https://www.amazon.co.uk/stylesnap?q=https%3A%2F%2Fm.media-amazon.com%2Fimages%2FI%2F61HZwqzWOBL._AC_SL1500_.jpg,,6.99,2.74392154566745,0.392549577348705,2.81417915690866,0.402600737755174,UK,8.54,10,10,1,0.0166666666666667,0.02,2,郑州绘星花卉有限公司,亚克力,挂件,Pendant,产品尺寸：5*7cm 卡片尺寸8*12cm
英国,6,46203,【定制】【4set】亚克力口袋卡片-【蓝天使】,2551909,陈杨,尹心如,10,,,供应商新款,,https://www.amazon.co.uk/dp/B0G39297SB/ref,https://www.amazon.co.uk/stylesnap?q=https%3A%2F%2Fm.media-amazon.com%2Fimages%2FI%2F61HZwqzWOBL._AC_SL1500_.jpg,,6.99,2.27553747072599,0.325541841305579,2.34579508196721,0.335593001712048,UK,8.54,10,10,1,0.0166666666666667,0.02,6,郑州绘星花卉有限公司,亚克力,挂件,Pendant,产品尺寸：5*7cm 卡片尺寸8*12cm
英国,7,46203,【定制】【4pcs】亚克力口袋卡片-【紫天使】,2551910,陈杨,,,,,供应商新款,,https://www.amazon.co.uk/dp/B0G39297SB/ref,https://www.amazon.co.uk/stylesnap?q=https%3A%2F%2Fm.media-amazon.com%2Fimages%2FI%2F61HZwqzWOBL._AC_SL1500_.jpg,,6.99,2.27553747072599,0.325541841305579,2.34579508196721,0.335593001712048,UK,8.54,10,10,1,0.0166666666666667,0.02,6,郑州绘星花卉有限公司,亚克力,挂件,Pendant,产品尺寸：5*7cm 卡片尺寸8*12cm
英国,8,46203,【定制】【4pcs】亚克力口袋卡片-【黄天使】,2551911,陈杨,,,,,供应商新款,,https://www.amazon.co.uk/dp/B0G39297SB/ref,https://www.amazon.co.uk/stylesnap?q=https%3A%2F%2Fm.media-amazon.com%2Fimages%2FI%2F61HZwqzWOBL._AC_SL1500_.jpg,,6.99,2.27553747072599,0.325541841305579,2.34579508196721,0.335593001712048,UK,8.54,10,10,1,0.0166666666666667,0.02,6,郑州绘星花卉有限公司,亚克力,挂件,Pendant,产品尺寸：5*7cm 卡片尺寸8*12cm
英国,9,46203,【定制】【4pcs】亚克力口袋卡片-【白天使】,2551912,陈杨,,,,,供应商新款,,https://www.amazon.co.uk/dp/B0G39297SB/ref,https://www.amazon.co.uk/stylesnap?q=https%3A%2F%2Fm.media-amazon.com%2Fimages%2FI%2F61HZwqzWOBL._AC_SL1500_.jpg,,6.99,2.27553747072599,0.325541841305579,2.34579508196721,0.335593001712048,UK,8.54,10,10,1,0.0166666666666667,0.02,6,郑州绘星花卉有限公司,亚克力,挂件,Pendant,产品尺寸：5*7cm 卡片尺寸8*12cm
英国,10,46203,【定制】【4set】亚克力口袋卡片-【彩天使】,2551913,陈杨,,,,,供应商新款,,https://www.amazon.co.uk/dp/B0G39297SB/ref,https://www.amazon.co.uk/stylesnap?q=https%3A%2F%2Fm.media-amazon.com%2Fimages%2FI%2F61HZwqzWOBL._AC_SL1500_.jpg,,6.99,2.27553747072599,0.325541841305579,2.34579508196721,0.335593001712048,UK,8.54,10,10,1,0.0166666666666667,0.02,6,郑州绘星花卉有限公司,亚克力,挂件,Pendant,产品尺寸：5*7cm 卡片尺寸8*12cm
英国,11,46203,【定制】亚克力吊坠挂牌-【向日葵】,2551914,陈杨,李杉,10,,,向日葵元素好卖，风格也适合秋天,,https://www.amazon.co.uk/dp/B0GKR7R3GP/ref,https://www.amazon.co.uk/stylesnap?q=https%3A%2F%2Fm.media-amazon.com%2Fimages%2FI%2F516JaGrhjeL._AC_.jpg,,7.99,2.53766861826698,0.317605584263702,2.74844145199063,0.34398516295252,UK,8.54,20,20,0.5,0.0333333333333333,0.06,7,义乌市鼎禾工艺品有限公司,亚克力,挂件,Pendant,20*20
英国,12,46203,卡通狐狸笔袋【原色】,2551915,陈杨,"尹心如
余江燕","10
20",,,很新，英德销量都不错，英国没有FBA速上,德国,https://www.amazon.co.uk/dp/B0H2YG1SYZ/ref,https://www.amazon.co.uk/stylesnap?q=https%3A%2F%2Fm.media-amazon.com%2Fimages%2FI%2F61uO0JxUZHL._AC_SL1500_.jpg,https://www.amazon.de/dp/B0H45R5STL?psc=1,12.99,2.73300819672131,0.210393240702179,3.65104098360656,0.281065510670251,UK,8.54,32,7,7,0.261333333333333,0.05,11.9,白沟新城稻点毛绒玩具厂,PP绵,笔袋,pencil case,头到尾是32厘米，宽度是9厘米
英国,13,46203,卡通狐狸笔袋【白色】,2551916,陈杨,余江燕,15,,,很新，英德销量都不错，英国没有FBA速上,,https://www.amazon.co.uk/dp/B0H2YG1SYZ/ref,https://www.amazon.co.uk/stylesnap?q=https%3A%2F%2Fm.media-amazon.com%2Fimages%2FI%2F61uO0JxUZHL._AC_SL1500_.jpg,https://www.amazon.de/dp/B0H45R5STL?psc=1,12.99,2.73300819672131,0.210393240702179,3.65104098360656,0.281065510670251,UK,8.54,32,7,7,0.261333333333333,0.05,11.9,白沟新城稻点毛绒玩具厂,PP绵,笔袋,pencil case,头到尾是32厘米，宽度是9厘米
英国,14,46203,韩版刺绣软顶棒球帽【卡其色】,2551917,陈杨,,,,,非常热销，英德销量都很大,英德做,https://www.amazon.co.uk/dp/B0G3PJFHZR/ref,https://www.amazon.co.uk/stylesnap?q=https%3A%2F%2Fm.media-amazon.com%2Fimages%2FI%2F614wQ2461rL._AC_SL1001_.jpg,https://www.amazon.de/dp/B0H2J1MW8W?th=1,9.99,1.82359367681499,0.18254190959109,2.70181381733021,0.270451833566588,UK,8.54,20,15,5,0.25,0.08,6,义乌市屾玥电子商务商行,涤纶,棒球帽,Baseball cap,
英国,15,46203,韩版刺绣软顶棒球帽【灰色】,2551918,陈杨,李杉,20,,,非常热销，英德销量都很大,英德做,https://www.amazon.co.uk/dp/B0G3PJFHZR/ref,https://www.amazon.co.uk/stylesnap?q=https%3A%2F%2Fm.media-amazon.com%2Fimages%2FI%2F614wQ2461rL._AC_SL1001_.jpg,https://www.amazon.de/dp/B0H2J1MW8W?th=1,9.99,1.82359367681499,0.18254190959109,2.70181381733021,0.270451833566588,UK,8.54,20,15,5,0.25,0.08,6,义乌市屾玥电子商务商行,涤纶,棒球帽,Baseball cap,
英国,16,46203,【定制】亚克力挂牌-【读者】,2551919,陈杨,,,,,外网热卖,,https://www.amazon.co.uk/dp/B0GDXXL64S/ref,https://www.amazon.co.uk/stylesnap?q=https%3A%2F%2Fm.media-amazon.com%2Fimages%2FI%2F81jLFunlRvL._SL400_.jpg,,6.99,2.23895667447307,0.320308537120611,2.44972950819672,0.350462018340017,UK,8.54,20,20,0.5,0.0333333333333333,0.06,4,义乌市鼎禾工艺品有限公司,亚克力,挂件,Pendant,20*20
英国,17,46203,花朵鸭舌帽-【QJ2600511-7】,2551920,陈杨,,,,,拓品,,https://www.amazon.co.uk/dp/B07RRLBG1R/ref,https://www.amazon.co.uk/stylesnap?q=https%3A%2F%2Fm.media-amazon.com%2Fimages%2FI%2F81AVmpecvjL.jpg,,13.99,2.72844145199063,0.19502798084279,3.60666159250585,0.257802830057602,UK,8.54,20,15,5,0.25,0.08,18,东阳市乔嘉帽业有限公司,涤纶,棒球帽,Baseball cap,
英国,18,46203,直升机风车,2551921,陈杨,李杉,10,,,拓品,英德做,https://www.amazon.co.uk/Helicopter-Patriotic-Airplane-Windmill-Propeller/dp/B0H5B7YQVD/ref,https://www.amazon.co.uk/stylesnap?q=https%3A%2F%2Fm.media-amazon.com%2Fimages%2FI%2F51qoatfra7L.jpg,,19.99,6.4775281030445,0.324038424364407,7.74216510538642,0.387301906222432,UK,8.54,32,22,2.5,0.293333333333333,0.36,21,义乌市凌扬工艺品厂,铁,风车,Garden Wind Spinner,
英国,19,46203,飞行员花园装饰摆件,2551922,陈杨,"李杉
余江燕","10
10",,,拓品,英德做,https://www.amazon.co.uk/dp/B0GWHX1V8L/ref,https://www.amazon.co.uk/stylesnap?q=https%3A%2F%2Fm.media-amazon.com%2Fimages%2FI%2F61RHCi-sPQL.jpg,https://www.amazon.de/dp/B0GTZ9MY9X/ref=mweb_up_am_fl_st_na_un_up_sm_web,19.99,6.02085362997658,0.301193278137898,7.35574824355972,0.367971397876924,UK,8.54,32,22,2.5,0.293333333333333,0.38,24,义乌市凌扬工艺品厂,铁,风车,Garden Wind Spinner,
英国,20,46203,【定制】侧兜午餐包-【紫色闪电】,2551923,陈杨,,,,,市场上大量上新,,https://www.amazon.co.uk/dp/B0GYJFP8PK/ref=mweb_up_am_fl_st_na_un_up_sm_web,https://www.amazon.co.uk/dp/B0GYWGQH1H/ref=mweb_up_am_fl_st_na_un_up_sm_web?th=1,https://www.amazon.co.uk/stylesnap?q=https%3A%2F%2Fm.media-amazon.com%2Fimages%2FI%2F71TeEJoi6EL._AC_SL1500_.jpg,9.99,1.87122833723653,0.187310143867521,2.43328922716628,0.243572495211839,UK,8.54,26,22,1.2,0.1144,0.16,17.5,南安市霞美镇曾城箱包商行,牛津布,包,bag,
英国,21,46203,头戴式防尘防风沙战术眼镜,2551924,陈杨,,,,,FBM上新销量不错,,https://www.amazon.co.uk/dp/B0H55ZWCYW?th=1,https://www.amazon.co.uk/dp/B0H33KCFYG/ref,,15.99,3.28928454332553,0.205708851990339,5.5726569086651,0.348508874838343,UK,8.54,20,15,13,0.65,0.1,5.8,临沂福久防护用品有限公司,PC,面罩,mask,
英国,22,46203,金属铁艺花艺摆件【蓝鸟】,2551925,陈杨,,,,,供应商新款，FBM上新,英德做,https://www.amazon.co.uk/dp/B0H65QPGFX?th=1,https://www.amazon.co.uk/stylesnap?q=https%3A%2F%2Fm.media-amazon.com%2Fimages%2FI%2F61NGgAZWlGL.jpg,https://www.amazon.co.uk/dp/B0H66PH65H?th=1,16.99,3.50851170960187,0.206504514985396,5.15722365339578,0.303544652936774,UK,8.54,32,22,4,0.469333333333333,0.24,20,义乌市方逸文化用品有限公司,铁,花园装饰雕塑,Wire metal garden sculpture,
英国,23,46203,发光园林树脂花园装饰品【LD-050-黄桶高地牛】带电,2551926,陈杨,李杉,5,,36.99,供应商新款，FBM上新,有电池报告，供应商自主设计,https://www.amazon.co.uk/dp/B0GVSF3P7T/ref,https://www.amazon.co.uk/stylesnap?q=https%3A%2F%2Fm.media-amazon.com%2Fimages%2FI%2F61FqPSJjEgL._AC_SL1500_.jpg,,34.99,7.46890983606557,0.213458412005304,12.685537470726,0.362547512738668,UK,8.54,27,22,15,1.485,0.75,38,泉州众拓工艺品有限公司,树脂,花园装饰雕塑,Wire metal garden sculpture,
英国,24,46203,发光园林树脂花园装饰品【LD-051-蓝桶高地牛】带电,2551927,陈杨,,,,36.99,供应商新款，FBM上新,有电池报告，供应商自主设计,https://www.amazon.co.uk/dp/B0GVSF3P7T/ref,https://www.amazon.co.uk/stylesnap?q=https%3A%2F%2Fm.media-amazon.com%2Fimages%2FI%2F61FqPSJjEgL._AC_SL1500_.jpg,,34.99,7.46890983606557,0.213458412005304,12.685537470726,0.362547512738668,UK,8.54,27,22,15,1.485,0.75,38,泉州众拓工艺品有限公司,树脂,花园装饰雕塑,Wire metal garden sculpture,
英国,25,46203,【定制】侧兜午餐包-【粉色闪电】,2551928,陈杨,,,,,市场上大量上新,,https://www.amazon.co.uk/dp/B0GYJFP8PK/ref=mweb_up_am_fl_st_na_un_up_sm_web,https://www.amazon.co.uk/dp/B0GYWGQH1H/ref=mweb_up_am_fl_st_na_un_up_sm_web?th=1,https://www.amazon.co.uk/stylesnap?q=https%3A%2F%2Fm.media-amazon.com%2Fimages%2FI%2F71TeEJoi6EL._AC_SL1500_.jpg,9.99,1.87122833723653,0.187310143867521,2.43328922716628,0.243572495211839,UK,8.54,26,22,1.2,0.1144,0.16,17.5,南安市霞美镇曾城箱包商行,牛津布,包,bag,
英国,26,46203,【定制】大号围裙-【大小高地牛】,2551929,陈杨,,,,,,10套起,https://www.amazon.co.uk/dp/B0FQMHX2ST/ref,https://www.amazon.co.uk/dp/B0F1MVB47K/ref=mweb_up_am_fl_st_na_un_up_sm_web?th=1,https://www.amazon.co.uk/stylesnap?q=https%3A%2F%2Fm.media-amazon.com%2Fimages%2FI%2F61wDPdUTlwL.jpg,6.99,1.96834777517564,0.281594817621694,2.21424941451991,0.316773879044336,UK,8.54,22,19,1,0.0696666666666667,0.07,4.58,义乌市黔编电子商务商行,涤纶,围裙,Apron,
英国,27,46203,【定制】大号围裙-【烹饪暴躁高地牛】,2551930,陈杨,张奋奋,10,,,,拓品,https://www.amazon.co.uk/dp/B0FQMHX2ST/ref,https://www.amazon.co.uk/dp/B0F1MVB47K/ref=mweb_up_am_fl_st_na_un_up_sm_web?th=1,https://www.amazon.co.uk/stylesnap?q=https%3A%2F%2Fm.media-amazon.com%2Fimages%2FI%2F61wDPdUTlwL.jpg,6.99,1.96834777517564,0.281594817621694,2.21424941451991,0.316773879044336,UK,8.54,22,19,1,0.0696666666666667,0.07,4.58,义乌市黔编电子商务商行,涤纶,围裙,Apron,
英国,28,46203,【定制】亚克力挂牌-【秋狐】,2551931,陈杨,,,,,秋季元素,,https://www.amazon.co.uk/dp/B0GBWKVXNV/ref=mweb_up_am_fl_st_na_un_up_sm_web?th=1,https://www.amazon.co.uk/stylesnap?q=https%3A%2F%2Fm.media-amazon.com%2Fimages%2FI%2F61FtqF5h7cL._AC_SL1000_.jpg,,6.99,2.23895667447307,0.320308537120611,2.44972950819672,0.350462018340017,UK,8.54,20,20,0.5,0.0333333333333333,0.06,4,义乌市鼎禾工艺品有限公司,亚克力,挂件,Pendant,20*20
英国,29,46203,【定制】亚克力挂牌-【向日葵小牛】,2551932,陈杨,,,,,,,https://www.amazon.co.uk/dp/B0GRGK92XY/ref=mweb_up_am_fl_st_na_un_up_sm_web,https://www.amazon.co.uk/stylesnap?q=https%3A%2F%2Fm.media-amazon.com%2Fimages%2FI%2F71zJkCACknL._SL400_.jpg,,6.99,2.23895667447307,0.320308537120611,2.44972950819672,0.350462018340017,UK,8.54,20,20,0.5,0.0333333333333333,0.06,4,义乌市鼎禾工艺品有限公司,亚克力,挂件,Pendant,20*20
英国,30,46203,【定制】侧兜午餐包-【粉底紫色闪电】,2551933,陈杨,,,,,市场上大量上新,,https://www.amazon.co.uk/dp/B0GYJFP8PK/ref=mweb_up_am_fl_st_na_un_up_sm_web,https://www.amazon.co.uk/dp/B0GYWGQH1H/ref=mweb_up_am_fl_st_na_un_up_sm_web?th=1,https://www.amazon.co.uk/stylesnap?q=https%3A%2F%2Fm.media-amazon.com%2Fimages%2FI%2F71TeEJoi6EL._AC_SL1500_.jpg,9.99,1.87122833723653,0.187310143867521,2.43328922716628,0.243572495211839,UK,8.54,26,22,1.2,0.1144,0.16,17.5,南安市霞美镇曾城箱包商行,牛津布,包,bag,
英国,31,46203,【定制】亚克力吊坠挂牌-【五只罗宾】,2551934,陈杨,"尹心如
余江燕","15
15",,,异形好卖,,https://www.amazon.co.uk/dp/B0GV2J1963/ref=mweb_up_am_fl_st_na_un_up_sm_web,https://www.amazon.co.uk/stylesnap?q=https%3A%2F%2Fm.media-amazon.com%2Fimages%2FI%2F81vBUuLZvpL._SL400_.jpg,,7.99,2.53766861826698,0.317605584263702,2.74844145199063,0.34398516295252,UK,8.54,20,20,0.5,0.0333333333333333,0.06,7,义乌市鼎禾工艺品有限公司,亚克力,挂件,Pendant,20*20
英国,32,46203,【定制】亚克力吊坠挂牌-【紫龙】,2551935,陈杨,李杉,10,,,异形好卖,,https://www.amazon.co.uk/dp/B0H1414YSM/ref=mweb_up_am_fl_st_na_un_up_sm_web,https://www.amazon.co.uk/stylesnap?q=https%3A%2F%2Fm.media-amazon.com%2Fimages%2FI%2F91u4ah%2BNz9L._AC_SL1500_.jpg,,7.99,2.53766861826698,0.317605584263702,2.74844145199063,0.34398516295252,UK,8.54,20,20,0.5,0.0333333333333333,0.06,7,义乌市鼎禾工艺品有限公司,亚克力,挂件,Pendant,20*20
英国,33,46203,【定制】亚克力挂牌-【双龙】,2551936,陈杨,,,,,异形好卖,,https://www.amazon.co.uk/dp/B0H1414YSM/ref=mweb_up_am_fl_st_na_un_up_sm_web,https://www.amazon.co.uk/stylesnap?q=https%3A%2F%2Fm.media-amazon.com%2Fimages%2FI%2F91u4ah%2BNz9L._AC_SL1500_.jpg,,6.99,2.23895667447307,0.320308537120611,2.44972950819672,0.350462018340017,UK,8.54,20,20,0.5,0.0333333333333333,0.06,4,义乌市鼎禾工艺品有限公司,亚克力,挂件,Pendant,20*20
英国,34,46203,【2pcs】搞笑猫立体书签【黄橙】,2551937,陈杨,尹心如,,,,,拓品,https://www.amazon.co.uk/dp/B0GYN31RVB,https://www.amazon.co.uk/stylesnap?q=https%3A%2F%2Fm.media-amazon.com%2Fimages%2FI%2F51ltjT64ACL._AC_SL1500_.jpg,,7.99,1.53228220140515,0.191774993918042,1.81331264637002,0.226947765503132,UK,8.54,10,10,3.5,0.0583333333333333,0.08,7,义乌市九沃日用品有限公司,PLA,书签,bookmark,
英国,35,46203,【定制】【2pcs】化妆包-【编制收纳】,2551938,陈杨,,,,,秋季针织会热销,,https://www.amazon.co.uk/dp/B0FYC12J2W/ref,https://www.amazon.co.uk/stylesnap?q=https%3A%2F%2Fm.media-amazon.com%2Fimages%2FI%2F71zCmbzMMEL._AC_SL1134_.jpg,,6.99,2.0240737704918,0.289567063017425,2.18390983606557,0.312433452942142,UK,8.54,21,13,1,0.0455,0.02,7,义乌市黔编电子商务商行,布,包,bag,
英国,36,46203,【定制】【2pcs】化妆包-【编制收纳2】,2551939,陈杨,,,,,秋季针织会热销,,https://www.amazon.co.uk/dp/B0FYC12J2W/ref,https://www.amazon.co.uk/stylesnap?q=https%3A%2F%2Fm.media-amazon.com%2Fimages%2FI%2F71zCmbzMMEL._AC_SL1134_.jpg,,6.99,2.0240737704918,0.289567063017425,2.18390983606557,0.312433452942142,UK,8.54,21,13,1,0.0455,0.02,7,义乌市黔编电子商务商行,布,包,bag,
英国,37,46203,【2pcs】手部去茧球握力训练器【3cm】,2551940,陈杨,,,,,销量很好，性价比,,https://www.amazon.co.uk/dp/B0F5G8XXK8/ref=mweb_up_am_fl_st_na_un_up_sm_web,https://www.amazon.co.uk/dp/B0GXZ5DGVV/ref,https://www.amazon.co.uk/stylesnap?q=https%3A%2F%2Fm.media-amazon.com%2Fimages%2FI%2F71KXIo6WPxL._AC_SL1500_.jpg,8.99,1.76542037470726,0.196376014984122,1.93403864168618,0.215132218207584,UK,8.54,12,6,4,0.048,0.04,12,深圳市懿仟玺科技有限公司,石头,握力器,Hand gripper,3*3
英国,38,46203,【定制】亚克力吊坠挂牌-【三只罗宾】,2551941,陈杨,余江燕,15,,,异形好卖,,https://www.amazon.co.uk/dp/B0GV2J1963/ref=mweb_up_am_fl_st_na_un_up_sm_web,https://www.amazon.co.uk/stylesnap?q=https%3A%2F%2Fm.media-amazon.com%2Fimages%2FI%2F81vBUuLZvpL._SL400_.jpg,,7.99,2.53766861826698,0.317605584263702,2.74844145199063,0.34398516295252,UK,8.54,20,20,0.5,0.0333333333333333,0.06,7,义乌市鼎禾工艺品有限公司,亚克力,挂件,Pendant,20*20
英国,,46203,【定制】亚克力挂牌-【暗影龙】,2551943,陈杨,尹心如,10,,,异形好卖,,https://www.amazon.co.uk/dp/B0H1414YSM/ref=mweb_up_am_fl_st_na_un_up_sm_web,https://www.amazon.co.uk/stylesnap?q=https%3A%2F%2Fm.media-amazon.com%2Fimages%2FI%2F91u4ah%2BNz9L._AC_SL1500_.jpg,,6.99,2.23895667447307,0.320308537120611,2.44972950819672,0.350462018340017,UK,8.54,20,20,0.5,0.0333333333333333,0.06,4,义乌市鼎禾工艺品有限公司,亚克力,挂件,Pendant,20*20
英国,39,46203,【9sheet】秋季动物树枝窗贴,2630932,周沁仪,"张奋奋
余江燕","10
15",,,供应商新款，去年的款卖的很好,,https://www.amazon.co.uk/dp/B0FFB61ZL3?psc=1,,https://www.amazon.co.uk/stylesnap?q=https%3A%2F%2Fm.media-amazon.com%2Fimages%2FI%2F81gLuTjNYwL.jpg,7.99,1.71525644028103,0.214675399284234,2.24218852459016,0.280624346006278,UK,8.54,20,30,1,0.1,0.15,8.18,义乌市瑟索电子商务商行,塑料,贴纸,stickers,
英国,40,46203,摩斯密码strong手链,2630933,周沁仪,,,,,美国站链接卖的最好的款，英国无同款卡片,,https://www.amazon.com/dp/B0GCP7RNYK,https://www.amazon.co.uk/dp/B0GKTVSNQL,,6.99,2.00720023419204,0.287153109326472,2.11258665105386,0.302229849936175,UK,8.54,9,9,1.2,0.0162,0.03,7.5,义乌市益程饰品有限公司,天然石,手链,bracelet,
英国,41,46203,友谊粉水晶祝福卡片,2630934,周沁仪,,,,,美国站链接卖的最好的款，英国无同款卡片,英德,https://www.amazon.com/dp/B0GXDMNK5V,https://www.amazon.co.uk/dp/B0GWCG2M78,https://www.amazon.de/shopthelook?q=https%3A%2F%2Fm.media-amazon.com%2Fimages%2FI%2F81dLGMDn8jL._SL400_.jpg,5.99,1.64895667447307,0.2752849206132,1.71921428571429,0.287014071070832,UK,8.54,9,9,1.2,0.0162,0.02,5.8,义乌市益程饰品有限公司,矿石,石头,Stones,
英国,42,46203,【10pcs】vintage复古风一字夹,2630935,周沁仪,尹心如,15,,,美国站老品翻新的英国新品，表现不错,,https://www.amazon.com/dp/B08H24NPDC,https://www.amazon.co.uk/dp/B0GTLCNNH1,,9.99,2.22759836065574,0.222982818884458,2.40324238875878,0.240564803679558,UK,8.54,12,7,1.5,0.021,0.05,21.2,义乌市屾旭贸易有限公司,金属,发夹,Hair Clips,
英国,43,46203,【5pcs】复古绿松石一字夹,2630936,周沁仪,,,,,美国站销量很稳定的老品，英国站翻新卖的自发货也有出单,,https://www.amazon.com/dp/B0BWJPYRBN,https://www.amazon.co.uk/dp/B0GS7B7JBP,,5.99,1.71921428571429,0.287014071070832,1.7894718969555,0.298743221528465,UK,8.54,7,6,2,0.014,0.02,5.2,义乌市屾旭贸易有限公司,金属,发夹,Hair Clips,
英国,44,46203,【10pair】第四翼钥匙挂饰套装,2630937,周沁仪,,,,,,组合sku,https://www.amazon.co.uk/dp/B0GFW8DJDK,https://www.amazon.co.uk/dp/B0FG8361ML,,7.99,2.28474121779859,0.285950089837121,2.49551405152225,0.312329668525938,UK,8.54,10,10,2,0.0333333333333333,0.06,9.16,,金属,钥匙扣,keychain,
英国,45,46203,【10pcs】第四翼挂饰配件,2630938,周沁仪,,,,,,子sku,,,,,-1.07845433255269,#DIV/0!,-0.996487119437939,#DIV/0!,UK,8.54,7,10,2,0.0233333333333333,,8.16,义乌市紫慈电子商务有限公司,金属,钥匙扣,keychain,
英国,46,46203,【10pcs】仿金钥匙挂圈,2630939,周沁仪,,,,,,子sku,,,,,-0.117096018735363,#DIV/0!,-0.117096018735363,#DIV/0!,UK,8.54,,,,0,,1,义乌市金薪饰品商行,金属,钥匙扣,keychain,
英国,47,46203,木质黑猫纸巾架,2630940,周沁仪,,,,,常年搜索量很高的品线，黑猫元素好卖,,https://www.amazon.co.uk/Napkins-Holders-Dispenser-Standing-Serviette/dp/B0GL3JR3BS,https://www.amazon.co.uk/dp/B0GH5RB8LD,,6.99,1.76108782201405,0.251943894422611,2.04211826697892,0.292148536048487,UK,8.54,16,12,1,0.032,0.08,5.9,义乌市墨尘工艺品有限公司,木质,纸巾架,Napkin Stand,
英国,48,46203,【2pcs】友情口袋拥抱卡片,2630941,周沁仪,余江燕,15,,,好卖的品线，供应商新款,,https://www.amazon.co.uk/dp/B0GT2NQ9WV,https://www.amazon.co.uk/dp/B0F4J9RXW1,,5.99,1.75949531615925,0.293738783999875,2.02928454332553,0.338778721757183,UK,8.54,16,12,2.4,0.0768,0.02,2.3,义乌市咔乐文化艺术有限公司,纸,贺卡,Greeting Cards,
英国,49,46203,【2pcs】珍珠天使口袋拥抱卡【下单备注两组为一套】,2630942,周沁仪,李杉,10,,,供应商新款，经典的珍珠天使，带有宗教元素更好卖,拓品,https://www.amazon.co.uk/dp/B0H1CSV1NP,,,5.99,2.08865222482436,0.348689853893883,2.16242271662763,0.361005461874396,UK,8.54,14,9,1,0.021,0.02,2,东阳市雄胜电子商务商行,纸,贺卡,Greeting Cards,
英国,50,46203,【2pcs】粉色珍珠花朵花童手链项链【图片一套9元】,2630943,周沁仪,张奋奋,10,,,自组粉色款,拓品,https://www.amazon.co.uk/dp/B0GRGX2X2N,,,6.99,1.83155620608899,0.262025208310299,1.93694262295082,0.277101948920003,UK,8.54,9,9,1.2,0.0162,0.03,9,义乌市满蹊饰品有限公司,金属,项链,necklace,项链：41-50cm可调节；手链11cm+延长链
英国,51,46203,【48sheet】秋季主题线圈风景DIY装饰贴画本,2630944,周沁仪,,,,,,,https://www.amazon.co.uk/dp/B0FY37TRZV,https://www.amazon.com/dp/B0DFW6GNRK,,9.99,2.31223536299766,0.231454991291057,2.62839461358314,0.263102563922236,UK,8.54,9,18,1.3,0.0351,0.09,17.14,mr.paper/纸先生品牌旗舰店,塑料,贴纸,stickers,
英国,52,46203,透气蝴蝶结防晒口罩,2630947,周沁仪,,,,,,拓品,https://www.amazon.co.uk/dp/B0H1WQRZZP,,,5.99,1.88314871194379,0.314382088805308,1.95340632318501,0.32611123926294,UK,8.54,10,10,1,0.0166666666666667,0.02,3.8,义乌市滨圣贸易有限公司,涤纶,口罩,mask,13*23
英国,53,46203,【6pcs】水果刺绣贴布,2630948,周沁仪,"尹心如
余江燕","20
15",,,供应商新款,英德,https://www.amazon.co.uk/dp/B0GYCH61VQ,https://www.amazon.de/dp/B0FR1X8PXX/ref=mweb_up_am_fl_st_na_un_up_sm_web?th=1,,5.99,1.34040866510539,0.223774401520098,1.4563337236534,0.243127499775191,UK,8.54,12,11,1.5,0.033,0.02,7.85,义乌市万葵绣花厂,涤纶,贴布,Patch,
英国,54,46203,【25pcs】紫玫瑰刺绣贴布,2630949,周沁仪,"李杉
余江燕","10
15",,,美国上新卖的最好的款，英国竞品没有上的新颜色,,https://www.amazon.co.uk/dp/B0G47TF9H4,https://www.amazon.com/dp/B0GVJ13TRM,,7.99,1.78474121779859,0.223371867058648,1.96038524590164,0.245354849299329,UK,8.54,15,15,1,0.0375,0.05,13.88,义乌市丹瑶电脑绣花厂,涤纶,贴布,Patch,
英国,55,46203,【28张】造景贴纸合集本【送随机颜色镊子】,2630950,周沁仪,李杉,10,,,美国站上新，卖的很好，英国无同款,,https://www.amazon.com/dp/B0GWJQ28LS,https://www.amazon.co.uk/dp/B0FR8DB9N9/ref=mweb_up_am_fl_st_na_un_up_sm_web?th=1,,8.99,2.08188407494145,0.231577761395045,2.74933138173302,0.305821065821248,UK,8.54,18,18,1.5,0.081,0.19,8.8,义乌市筱纷文具有限公司,塑料,贴纸,stickers,18*18
英国,56,46203,【9sheet】秋季动物落叶窗贴,2630951,周沁仪,"尹心如
余江燕","20
20",,,供应商新款，去年的款卖的很好,,https://www.amazon.co.uk/dp/B0FFB61ZL3?psc=1,,https://www.amazon.co.uk/stylesnap?q=https%3A%2F%2Fm.media-amazon.com%2Fimages%2FI%2F81gLuTjNYwL.jpg,7.99,1.71525644028103,0.214675399284234,2.24218852459016,0.280624346006278,UK,8.54,20,30,1,0.1,0.15,8.18,义乌市恩泽印刷有限公司,塑料,贴纸,stickers,30*20
英国,57,46203,【2pcs】魔法师猫咪海龟钩针组合【披风小猫+披风海龟】,2630952,周沁仪,李杉,10,,,新品，表现很好，组合了受欢迎的海龟,,https://www.amazon.co.uk/Nevicor-Emotional-Positive-Inspirational-Christmas/dp/B0GZZ5291S,https://www.amazon.co.uk/dp/B0DJP37H8L,,12.99,2.79858196721311,0.215441259985613,3.07961241217798,0.237075628343186,UK,8.54,6,10,8,0.08,0.08,19.5,义乌市优幂工艺品厂,棉,公仔,Doll,
英国,58,46203,蜂鸟金属胸针,2630953,周沁仪,余江燕,10,,,新品，图案卖的很好，自发货已有出单,,https://www.amazon.co.uk/dp/B0H5J6DXZ,,,7.99,2.16441334894614,0.270890281470105,2.23467096018735,0.279683474366377,UK,8.54,6,6,2,0.012,0.02,12.5,义乌南怀电子商务有限公司,金属,胸针,Brooch,
英国,59,46203,【定制】【5pcs】-魔法精灵门-秋日魔法精灵门,2630954,周沁仪,李杉,15,,,,英德,https://www.amazon.co.uk/dp/B0FPQPNXGJ,https://www.amazon.de/dp/B0GK25NVPW,,6.99,1.86647423887588,0.267020635032314,2.14750468384075,0.30722527665819,UK,8.54,10,11,1.5,0.0275,0.08,5,义乌市鼎禾工艺品有限公司,木质,装饰品,decorations,10*10
英国,60,46203,【定制】帆布袋-腊肠狗,2630955,周沁仪,尹心如,10,,,腊肠狗元素好卖,英德,https://www.amazon.co.uk/dp/B0FLDS8BY4,https://www.amazon.de/dp/B0GHWY98RH,,7.99,1.77731733021077,0.222442719675942,2.19886299765808,0.275201877053577,UK,8.54,20,12,2,0.08,0.12,9,义乌市希亮贸易有限公司,帆布,帆布袋,Canvas bag,33*40
英国,61,46203,【定制】【2pcs】亚克力地插-知更鸟2【20cm，两个地插头】,2630956,周沁仪,李杉,20,,,,拓品,https://www.amazon.co.uk/dp/B0H1BKKVS7,,,6.99,1.61249297423888,0.230685690162929,1.92865222482436,0.275915911992039,UK,8.54,18,15,2,0.09,0.06,8,义乌市鼎禾工艺品有限公司,亚克力,装饰品,Decorations,20*20
英国,62,46203,【定制】内框油画-盘腿长颈鹿【画芯加木框-20*30】,2630957,周沁仪,,,,,,英德,https://www.amazon.co.uk/dp/B0GQSS5YX3,https://www.amazon.de/dp/B0G4376J9Q,,9.99,2.42157962529274,0.242400362892166,3.12415573770492,0.312728302072564,UK,8.54,30,20,2,0.2,0.19,11,东阳市通泰工艺品厂,油画布,油画,painting,30*20
英国,63,46203,【定制】书本收纳袋-秋日书店,2630958,周沁仪,,,,,类似风格的销量好，图案不一样,英德都能卖,https://www.amazon.co.uk/dp/B0GVS8J7BX/ref=mweb_up_am_fl_st_na_un_up_sm_web,https://www.amazon.de/dp/B0GT77FQVP,,7.99,2.21272716627635,0.276937067118441,2.4059355971897,0.301118347583191,UK,8.54,30,22,0.5,0.055,0.05,10,"义乌市斯玄母婴用品有限公司
",涤纶,包,bag,30*22
英国,64,46203,【定制】亚克力挂牌-戴帽知更鸟,2630959,周沁仪,李杉,10,,,市场体量最大的元素改款,英德,https://www.amazon.co.uk/dp/B0G5WF6WCJ/ref=mweb_up_am_fl_st_na_un_up_sm_web,https://www.amazon.co.uk/stylesnap?q=https%3A%2F%2Fm.media-amazon.com%2Fimages%2FI%2F616g0V8wBgL._SL400_.jpg,https://www.amazon.de/shopthelook?q=https%3A%2F%2Fm.media-amazon.com%2Fimages%2FI%2F71BjiL-COqL._SL400_.jpg,6.99,1.98357025761124,0.283772569043096,2.26460070257611,0.323977210668972,UK,8.54,20,20,0.5,0.0333333333333333,0.08,4,义乌市鼎禾工艺品有限公司,亚克力,挂件,Pendant,20*20
英国,65,46203,【定制】-亚克力挂牌-打盹狐狸,2630960,周沁仪,,,,,狐狸元素好卖,,https://www.amazon.co.uk/dp/B0GBWKVXNV/ref=mweb_up_am_fl_st_na_un_up_sm_web?th=1,,,6.99,1.98357025761124,0.283772569043096,2.26460070257611,0.323977210668972,UK,8.54,20,20,0.5,0.0333333333333333,0.08,4,义乌市鼎禾工艺品有限公司,亚克力,挂件,Pendant,20*20
英国,66,46203,【定制】-亚克力挂牌-花窗舞女,2630961,周沁仪,尹心如,15,,,自主改款，和现货动作有差异化,,https://www.amazon.co.uk/dp/B0H4TSDP4J/ref,https://www.amazon.co.uk/stylesnap?q=https%3A%2F%2Fm.media-amazon.com%2Fimages%2FI%2F61n9Abr%2BgDL._AC_SL1500_.jpg,,6.99,1.98357025761124,0.283772569043096,2.26460070257611,0.323977210668972,UK,8.54,20,20,0.5,0.0333333333333333,0.08,4,义乌市鼎禾工艺品有限公司,亚克力,挂件,Pendant,20*20
英国,67,46203,【定制】亚克力挂牌-提灯舞女,2630962,周沁仪,李杉,10,,,花纹更精细,,https://www.amazon.co.uk/dp/B0H4TSDP4J/ref,https://www.amazon.co.uk/stylesnap?q=https%3A%2F%2Fm.media-amazon.com%2Fimages%2FI%2F61n9Abr%2BgDL._AC_SL1500_.jpg,,6.99,1.98357025761124,0.283772569043096,2.26460070257611,0.323977210668972,UK,8.54,20,20,0.5,0.0333333333333333,0.08,4,义乌市鼎禾工艺品有限公司,亚克力,挂件,Pendant,20*20
英国,68,46203,【带磁！】【2pcs】腊肠狗磁吸手机气囊支架【白色＋粉色 备注：两款各1为一套平铺中袋打包并打包费0.15一套联系客服】,2620897,龙梦临,"李杉
余江燕","10
10",,,腊肠小狗元素也很受欢迎，德国也可以尝试一下，超绝性价比,拓品，英德都可做,https://www.amazon.co.uk/dp/B0H1CPBBYZ,德国站：https://www.amazon.de/dp/B0GVT38QFR?psc=1,,8.99,2.24914402810304,0.250182872981429,2.41424941451991,0.268548321971069,UK,8.54,12,6,2,0.024,0.047,15.6,佛山市南海区柿橙电子经营部,树脂,手机支架,Phone Holder,
英国,69,46203,【带磁！】【2pcs】蝴蝶结磁吸手机气囊支架【粉色＋绿色 备注：两款各1为一套平铺中袋打包并打包费0.15一套联系客服】,2620898,龙梦临,尹心如,10,,,更加精致,拓品，英德都可做,https://www.amazon.co.uk/dp/B0H1CPBBYZ,德国站：https://www.amazon.de/dp/B0GVT38QFR?psc=1,,8.99,2.02724707259953,0.225500230544998,2.23099414519906,0.248163976106681,UK,8.54,12,6,2,0.024,0.058,17,佛山市南海区柿橙电子经营部,树脂,手机支架,Phone Holder,
英国,70,46203,蝴蝶结百搭手提云朵包【粉色】,2620899,龙梦临,,,,,粉色蝴蝶结元素的包市场很大，供应商新款，有价格优势,,https://www.amazon.co.uk/dp/B0H14VV47Y?psc=1,,https://www.amazon.co.uk/stylesnap?q=https%3A%2F%2Fm.media-amazon.com%2Fimages%2FI%2F61i9Lw5%2BWhL.jpg,7.99,1.59698946135831,0.199873524575509,2.17778571428571,0.272563919184695,UK,8.54,31,16,2,0.165333333333333,0.11,8.5,高碑店市新城金方向箱包厂,皮革,包,bag,
英国,71,46203,玫瑰花链条包【粉色 备注：不放气袋打包】,2620900,龙梦临,,,,,供应商新款，竞品就一家，有价格优势,,https://www.amazon.co.uk/dp/B0GZP522ZY?psc=1,,https://www.amazon.co.uk/stylesnap?q=https%3A%2F%2Fm.media-amazon.com%2Fimages%2FI%2F61%2B4FqpxjTL.jpg,8.99,1.62607611241218,0.180876097042512,2.08275058548009,0.231674147439387,UK,8.54,20,13,3,0.13,0.12,9.5,广州市花都区狮岭帝创皮具厂,涤纶,收纳包,storage bag,
英国,72,46203,【3pcs】晕染树脂手镯【黑咖色＋浅黄＋褐色 备注：三款各1为一套平铺打包】,2620901,龙梦临,李杉,20,,,较新，超绝性价比，符合秋天,,https://www.amazon.co.uk/dp/B0H3KVXH69?psc=1,https://www.amazon.co.uk/dp/B0FRLZ2ST5?th=1,https://www.amazon.co.uk/stylesnap?q=https%3A%2F%2Fm.media-amazon.com%2Fimages%2FI%2F612ejmG06hL.jpg,9.99,2.33961241217799,0.234195436654453,2.90167330210773,0.290457787998772,UK,8.54,9,27,2.5,0.10125,0.16,13.5,义乌市立阔饰品厂,树脂,手镯,Bracelet,
英国,73,46203,【定制】木质挂牌-欢迎秋天【20*20】,2620902,龙梦临,李杉,15,,,秋天元素,,https://www.amazon.co.uk/dp/B0FND8ZXYF/ref,https://www.amazon.co.uk/dp/B0FXXXRGV5?psc=1,,6.99,2.0018606557377,0.28638922113558,2.21263348946136,0.316542702354987,UK,8.54,20,20,0.5,0.0333333333333333,0.06,5,义乌市鼎禾工艺品有限公司,木质,挂件,Pendant,20*20cm
英国,74,46203,【3pcs】波西米亚风格木质墙贴装饰三件套,2620903,龙梦临,"李杉
余江燕","10
20",,,符合秋天气质,,https://www.amazon.co.uk/dp/B0GL26RLLJ?psc=1,,https://www.amazon.co.uk/stylesnap?q=https%3A%2F%2Fm.media-amazon.com%2Fimages%2FI%2F71z97rgHUqL.jpg,7.99,1.90172014051522,0.238012533230942,2.28813700234192,0.286375094160441,UK,8.54,22,20,1.5,0.11,0.07,8.9,九江天下人跨境电子商务有限公司,木质,挂件,Pendant,
英国,462,46203,【2pcs】树脂弹力手链【琥珀色】,2620904,龙梦临,,,,,符合秋天气质,,https://www.amazon.com/dp/B0GYWF6QMD/ref,https://www.amazon.com/dp/B0GWXMX52Z/ref,https://www.amazon.co.uk/stylesnap?q=https%3A%2F%2Fm.media-amazon.com%2Fimages%2FI%2F81jTqi1ct7L._AC.jpg,5.99,1.32207142857143,0.220713093250656,1.42745784543326,0.238306818937104,UK,8.54,10,9,2,0.03,0.03,7.8,义乌市炽乐贸易有限公司,树脂,手链,Bracelet,
英国,75,46203,【2pcs】外出旅行收纳袋宝宝衣服尿片收纳挂袋【SMT082-EF737*26*36cm/18*25cm】,2620905,龙梦临,,,,,9月有搜索高峰,,https://www.amazon.co.uk/dp/B0GSJH8538?psc=1,,https://www.amazon.co.uk/stylesnap?q=https%3A%2F%2Fm.media-amazon.com%2Fimages%2FI%2F71%2B4TfBgYfL.jpg,7.99,1.52115807962529,0.190382738376132,1.80218852459016,0.225555509961222,UK,8.54,18,15,1,0.045,0.08,13.5,浦江县艾利英贸易有限公司,涤纶,收纳包,storage bag,
英国,76,46203,【2pcs】外出旅行收纳袋宝宝衣服尿片收纳挂袋【SMT082-EF738*26*36cm/18*25cm】,2620906,龙梦临,,,,,,,https://www.amazon.co.uk/dp/B0GSJH8538?psc=2,,https://www.amazon.co.uk/stylesnap?q=https%3A%2F%2Fm.media-amazon.com%2Fimages%2FI%2F71%2B5TfBgYfL.jpg,7.99,1.52115807962529,0.190382738376132,1.80218852459016,0.225555509961222,UK,8.54,18,15,1,0.045,0.08,13.5,浦江县艾利英贸易有限公司,涤纶,收纳包,storage bag,
英国,77,46203,【定制】木质挂牌-20*20cm-狐狸一家,2620907,龙梦临,李杉,15,,,狐狸元素加上秋天质感,,https://www.amazon.co.uk/dp/B0GSPWRQV2,https://www.amazon.co.uk/dp/B0G8YQHMZD,,6.99,2.0018606557377,0.28638922113558,2.21263348946136,0.316542702354987,UK,8.54,20,20,0.5,0.0333333333333333,0.06,5,义乌市鼎禾工艺品有限公司,木质,挂件,Pendant,20*20cm
英国,78,46203,【定制】木质挂牌-20*20cm-猫头鹰一家,2620908,龙梦临,张奋奋,10,,,猫头鹰元素加上秋天质感,,https://www.amazon.co.uk/dp/B0GSPWRQV2,https://www.amazon.co.uk/dp/B0GQSGP47G,,6.99,2.0018606557377,0.28638922113558,2.21263348946136,0.316542702354987,UK,8.54,20,20,0.5,0.0333333333333333,0.06,5,义乌市鼎禾工艺品有限公司,木质,挂件,Pendant,20*20cm
英国,79,46203,【定制】帆布袋-漂白单印-伦敦秋日主题,2620909,龙梦临,,,,,,,,https://www.amazon.co.uk/dp/B0GVDGLWX8,,7.99,2.01,0.25,2.43,0.3,UK,8.54,20,12,2,0.08,0.12,7,义乌市希亮贸易有限公司,涤纶,帆布包,canvas bag,
英国,80,46203,【定制】帆布袋-漂白单印-伦敦复古主题,2620910,龙梦临,,,,,,,,https://www.amazon.co.uk/dp/B0GVDGLWX8,,7.99,2.01,0.25,2.43,0.3,UK,8.54,20,12,2,0.08,0.12,7,义乌市希亮贸易有限公司,涤纶,帆布包,canvas bag,
英国,81,46203,【定制】束口袋-白色-伦敦复古主题,2620911,龙梦临,,,,,,,https://www.amazon.co.uk/dp/B0GVDGLWX8,,,6.99,1.90766861826698,0.272913965417307,2.235537470726,0.319819380647496,UK,8.54,20,14,2,0.0933333333333333,0.032,5.5,义乌市黔编电子商务商行,涤纶,束口包,Drawstring Bag,
英国,82,46203,异形黑胆石手链,2561705,宋凤莉,李杉,15,,,供应商上新款，市场上表现很好,,https://www.amazon.co.uk/dp/B0GF1JKP6N/ref=mweb_up_am_fl_st_na_un_up_sm_web?th=1,https://www.amazon.co.uk/dp/B0GYFG1XV5/ref=mweb_up_am_fl_st_na_un_up_sm_web?th=1,,5.99,1.80118149882904,0.30069807993807,1.87143911007026,0.312427230395702,UK,8.54,9,9,1,0.0135,0.02,4.5,义乌市秋涵饰品有限公司,石头,手链,Bracelet,
英国,83,46203,机械齿轮式绘图笔,2561706,宋凤莉,,,,,新品，自发货表现好,英德卖,https://www.amazon.co.uk/dp/B0H3TZFD3J/ref=mweb_up_am_fl_st_na_un_up_sm_web?th=1,https://www.amazon.co.uk/dp/B0H491GS82/ref=mweb_up_am_fl_st_na_un_up_sm_web,https://www.amazon.de/dp/B0H3VDV94G/ref=mweb_up_am_fl_st_na_un_lk_sm_web,9.99,2.34691920374707,0.234926847221929,2.59282084309133,0.259541625935069,UK,8.54,15,10,2,0.05,0.07,18,义乌市乾茜电子商务商行,金属,绘画工具,Painting tools,
英国,84,46203,高地牛手工diy珠子套装-【高地牛B】,2561707,宋凤莉,,,,,新品畅销,英德卖,https://www.amazon.co.uk/dp/B0H392K9SC/ref=mweb_up_am_fl_st_na_un_up_sm_web?th=1,https://www.amazon.co.uk/dp/B0H38QLH7P/ref=mweb_up_am_fl_st_na_un_up_sm_web,https://www.amazon.co.uk/dp/B0H4V2F6JY/ref=mweb_up_am_fl_st_na_un_up_sm_web?th=1,13.99,3.03040866510539,0.216612484996811,3.69785597189695,0.264321370400068,UK,8.54,20,12,3,0.12,0.19,20,义乌市兮印工艺品有限公司,塑料,串珠套装,DIY beading toy set,
英国,85,46203,蜜蜂编织手链,2561708,宋凤莉,李杉,20,,,新品，自发货表现好,英德卖,https://www.amazon.co.uk/dp/B0H2LZQHDJ/ref=mweb_up_am_fl_st_na_un_up_sm_web?th=1,https://www.amazon.co.uk/dp/B0H2MCFMQQ/ref=mweb_up_am_fl_st_na_un_up_sm_web?th=1,https://www.amazon.de/shopthelook?q=https%3A%2F%2Fm.media-amazon.com%2Fimages%2FI%2F717ku5qPQNL._AC_SL1500_.jpg,6.99,1.36902693208431,0.195855068967712,1.50954215456674,0.21595738978065,UK,8.54,9,9,2,0.027,0.04,12.5,义乌市胤源跨境电子商务有限公司,编织,手链,Bracelet,
英国,86,46203,复古街机开关面板,2561709,宋凤莉,尹心如,20,,,新品，自发货有销量,英德卖,https://www.amazon.co.uk/dp/B0H5K82BW6/ref=mweb_up_am_fl_st_na_un_up_sm_web?th=1,https://www.amazon.de/dp/B0H5KJF5JB/ref=mweb_up_am_fl_st_na_un_lk_sm_web,https://www.amazon.co.uk/dp/B0H5K82R9P/ref=mweb_up_am_fl_st_na_un_up_sm_web?th=1,8.99,2.0287224824356,0.225664347323203,2.35246955503513,0.26167625751225,UK,8.54,9.6,9.6,6,0.09216,0.08,5.8,厦门维度创想科技有限公司,塑料,面板,Panel,9.6*9.6
英国,87,46203,【4pcs】雏菊木质墙面装饰-【4件套】,2561710,宋凤莉,"尹心如
余江燕","10
15",,,供应商上新，类似竞品表现不错，de自发货销量不错,英德卖,https://www.amazon.co.uk/dp/B0FY3263JR/ref=mweb_up_am_fl_st_na_un_up_sm_web?th=1,https://www.amazon.de/dp/B0FDSRVDCG/ref=mweb_up_am_fl_st_na_un_lk_sm_web,,12.99,2.59497540983607,0.199767160110552,3.64883957845433,0.28089604145145,UK,8.54,21,21,2,0.147,0.3,18,共青城市匠选工坊电子商务经营部,木质,装饰品,Decorations,
英国,88,46203,水彩画练习册套装-【小马 单本+16色颜料】-带液体！,2561711,宋凤莉,,,,,新品热销，市场量大，价格优势,颜料有报告，英德卖,https://www.amazon.co.uk/dp/B0GVMHYXV8/ref=mweb_up_am_fl_st_na_un_up_sm_web?th=1,https://www.amazon.de/dp/B0GK13ZCKS/ref=mweb_up_am_fl_st_na_un_lk_sm_web?th=1,,13.99,2.77865222482436,0.198617028221898,3.7271299765808,0.266413865373895,UK,8.54,23,17,3,0.1955,0.27,18.55,义乌市恭卫电子商务有限公司,纸,本子,Notebook,
英国,89,46203,【定制】帆布袋【伦敦地图1】,2561712,宋凤莉,,,,,都是自己的链接，伦敦地图款帆布袋好卖，拓的新图案,,https://www.amazon.co.uk/dp/B0GRFJKT7V,https://www.amazon.co.uk/dp/B0GKTP8TTJ,https://www.amazon.co.uk/dp/B0GQGWLT91,7.99,1.77731733021077,0.222442719675942,2.19886299765808,0.275201877053577,UK,8.54,20,14,2.5,0.116666666666667,0.12,9,义乌市希亮贸易有限公司,帆布,帆布袋,Canvas bag,35*40
英国,90,46203,【定制】帆布袋【伦敦地图2】,2561713,宋凤莉,,,,,都是自己的链接，伦敦地图款帆布袋好卖，拓的新图案,,https://www.amazon.co.uk/dp/B0GRFJKT7V,https://www.amazon.co.uk/dp/B0GKTP8TTJ,https://www.amazon.co.uk/dp/B0GQGWLT91,7.99,1.77731733021077,0.222442719675942,2.19886299765808,0.275201877053577,UK,8.54,20,14,2.5,0.116666666666667,0.12,9,义乌市希亮贸易有限公司,帆布,帆布袋,Canvas bag,35*40
英国,91,46203,diy拼布仙子套装-【花仙子】,2561714,宋凤莉,余江燕,15,,,新品，自发货表现好,英德卖,https://www.amazon.co.uk/dp/B0H4LN9BN3/ref=mweb_up_am_fl_st_na_un_up_sm_web?th=1,https://www.amazon.de/dp/B0H4V4WHJ1/ref=mweb_up_am_fl_st_na_un_lk_sm_web,https://www.amazon.co.uk/dp/B0H4YT4TG6/ref=mweb_up_am_fl_st_na_un_up_sm_web?th=1,13.99,2.6966850117096,0.192758042295182,3.11823067915691,0.222889969918292,UK,8.54,20,12,3,0.12,0.12,26,义乌市兮印工艺品有限公司,针织,diy针织套装,DIY craft kit,
英国,92,46203,【2pcs】【定制】厨房毛巾【高地牛款】,2561715,宋凤莉,尹心如,15,,,新载体，都是做过的好卖的图案,拓品,https://www.amazon.co.uk/dp/B0H14P9GTW,https://www.amazon.co.uk/dp/B0GT8GHCLB/ref=mweb_up_am_fl_st_na_un_up_sm_web,,9.99,2.3442962529274,0.234664289582322,3.1171299765808,0.31202502268076,UK,8.54,30,22,2,0.22,0.12,10.76,义乌市首荷电子商务商行,纤维,毛巾,towel,40*60
英国,93,46203,【定制】化妆包【巴黎地图】,2561716,宋凤莉,,,,,都是自己的链接，拓新地标巴黎,,https://www.amazon.co.uk/dp/B0GQRMM11F,https://www.amazon.co.uk/dp/B0G4C88HCN,,5.99,1.37769203747073,0.229998670696281,1.78167330210773,0.297441285827668,UK,8.54,23,15,2,0.115,0.03,3.5,义乌市黔编电子商务商行,涤纶,化妆包,Cosmetic bag,
英国,94,46203,27孔黑色飞镖架 【备注：独立opp袋装，加0.3元/个】,2561717,宋凤莉,李杉,10,,,市场表现很好，价格优势明显！便宜的是尺寸更小的,英德卖,https://www.amazon.co.uk/Darts-Holder-Material-Accessories-Organisation/dp/B0GVRLC9RJ,https://www.amazon.de/dp/B0FK5Y1BC2/ref=mweb_up_am_fl_st_na_un_lk_sm_web,https://www.amazon.co.uk/dp/B0GY4ZCMVZ/ref=mweb_up_am_fl_st_na_un_lk_sm_web,8.99,1.88207142857143,0.209351660575242,2.35823067915691,0.262317094455718,UK,8.54,17,9.2,5.2,0.135546666666667,0.05,5.1,金华叠境科技有限公司,塑料,飞镖架,Dart stand,
英国,95,46203,【定制】金属地插【纪念父亲】【最长边30cm】,2561718,宋凤莉,李杉,15,,,热销，拓款，新设计,拓品,https://www.amazon.co.uk/dp/B0GS5WLT8T?th=1,https://www.amazon.co.uk/dp/B0H1BKKVS7,https://www.amazon.co.uk/stylesnap?q=https%3A%2F%2Fm.media-amazon.com%2Fimages%2FI%2F61%2B4YolzIhL.jpg,7.99,1.54312529274005,0.193132076688366,1.96467096018735,0.245891234066002,UK,8.54,30,20,0.5,0.05,0.12,11,义乌市鼎禾工艺品有限公司,金属,装饰品,Decorations,30cm
英国,96,46203,【定制】金属地插【纪念通用款】【最长边30cm】,2561719,宋凤莉,,,,,热销，拓款，新设计,,https://www.amazon.co.uk/dp/B0GS5WLT8T?th=1,https://www.amazon.co.uk/dp/B0H1BKKVS7,https://www.amazon.co.uk/stylesnap?q=https%3A%2F%2Fm.media-amazon.com%2Fimages%2FI%2F61%2B4YolzIhL.jpg,7.99,1.54312529274005,0.193132076688366,1.96467096018735,0.245891234066002,UK,8.54,30,20,0.5,0.05,0.12,11,义乌市鼎禾工艺品有限公司,金属,装饰品,Decorations,30cm
英国,97,46203,表情包子6按键钥匙扣-【带表情包子6按键陀螺（带盖子）】-不带灯,2561720,宋凤莉,,,,,新款，有带钥匙扣（图片没体现）,拓品，英德,https://www.amazon.co.uk/dp/B0H1V87PN8,https://www.amazon.co.uk/stylesnap?q=https%3A%2F%2Fm.media-amazon.com%2Fimages%2FI%2F61nQBgzN52L.jpg,https://www.amazon.de/shopthelook?q=https%3A%2F%2Fm.media-amazon.com%2Fimages%2FI%2F61nQBgzN52L._AC_SL1500_.jpg,7.99,1.41518618266979,0.177119672424254,1.8367318501171,0.229878829801889,UK,8.54,11,11,3,0.0605,0.12,6.2,义乌市微家电子科技有限公司,塑料,玩具,Toys,
英国,98,46203,【定制】亚克力挂牌【猫头鹰】,2561721,宋凤莉,尹心如,15,,,新图案，都是自己的链接,英德卖,https://www.amazon.co.uk/dp/B0GS543BFN,https://www.amazon.de/dp/B0GY3RCR8N?th=1,https://www.amazon.co.uk/dp/B0GQSGP47G,6.99,1.60155620608899,0.220745092520932,2.05823067915691,0.28607763516298,UK,8.54,21,21,0.5,0.03675,0.13,4.5,义乌市鼎禾工艺品有限公司,亚克力,挂件,pendant,20cm
英国,99,46203,儿童跳跳球玩具-【橙色】【备注：独立opp袋包装】,2561722,宋凤莉,尹心如,15,,,,拓品，英德,https://www.amazon.co.uk/dp/B0GVSQ4QZX/ref=mweb_up_am_fl_st_na_un_lk_sm_web?th=1,https://www.amazon.co.uk/dp/B0GTVJNZ3J/ref=mweb_up_am_fl_st_na_un_lk_sm_web?th=1,https://www.amazon.de/dp/B0H2YSXP83,9.99,1.91337119437939,0.191528648086025,2.83550234192037,0.283834068260298,UK,8.54,15,15,7,0.2625,0.1,4.5,浙江星丁诺玩具有限公司,塑料,玩具,Toys,
英国,100,46203,儿童跳跳球玩具-【红色】【备注：独立opp袋包装】,2561723,宋凤莉,"尹心如
余江燕","20
15",,,,拓品，英德,https://www.amazon.co.uk/dp/B0GY5C11J5/ref=mweb_up_am_fl_st_na_un_lk_sm_web?th=1,https://www.amazon.co.uk/dp/B0GVSQQYYW/ref=mweb_up_am_fl_st_na_un_lk_sm_web?th=1,https://www.amazon.de/dp/B0H2YSXP83,9.99,1.91337119437939,0.191528648086025,2.83550234192037,0.283834068260298,UK,8.54,15,15,7,0.2625,0.1,4.5,浙江星丁诺玩具有限公司,塑料,玩具,Toys,
英国,101,46203,【8pcs】水彩画练习线稿卡-花卉,2561724,宋凤莉,张奋奋,20,,,新款式,英德卖,https://www.amazon.co.uk/dp/B0GV283Z4J/ref=mweb_up_am_fl_st_na_un_up_sm_web,https://www.amazon.de/shopthelook?q=https%3A%2F%2Fm.media-amazon.com%2Fimages%2FI%2F71ZUx-1jM2L._AC_SL1500_.jpg,https://www.amazon.co.uk/stylesnap?q=https%3A%2F%2Fm.media-amazon.com%2Fimages%2FI%2F71CT9-kAbBL._SL400_.jpg,6.99,1.65424941451991,0.236659429831174,2.07579508196721,0.296966392269988,UK,8.54,26,19,0.4,0.0329333333333333,0.12,4.5,临沂塞外风美术用品有限公司,纸,卡片,card,
英国,102,46203,【9pcs】花瓶蜂窝装饰,2561725,宋凤莉,张奋奋,10,,,热销，价格优势，无季节性,英德卖,https://www.amazon.co.uk/Winsegom-Wildflower-Centrepieces-Decorations-Vase-Shaped/dp/B0GSZMVQDG?th=1,https://www.amazon.de/dp/B0GWCQGL5R/ref=mweb_up_am_fl_st_na_un_lk_sm_web,https://www.amazon.co.uk/dp/B0GWCQGL5R/ref=mweb_up_am_fl_st_na_un_up_sm_web,8.99,1.9754306206089,0.219736442781858,2.40597804449649,0.267628258564681,UK,8.54,26.5,18.5,1.5,0.1225625,0.1,13,杭州绚派节庆工艺品有限公司,纸,派对装饰,Party decorations,
英国,103,46203,【40pcs】3d多色小动物-【40件多色小动物不重复】【备注：塑料盒装，加0.5元/套】,2561726,宋凤莉,,,,,40款不重复，性价比很高,英德卖,https://www.amazon.co.uk/ePicsoa-3d-Printed-Animals-Photographic/dp/B0GDWT2FJF/re,https://www.amazon.co.uk/dp/B0GS1N32J9,https://www.amazon.de/shopthelook?q=https%3A%2F%2Fm.media-amazon.com%2Fimages%2FI%2F71dPGvyamZL._AC_SL1500_.jpg,9.99,1.9599168618267,0.196187874056726,2.27607611241218,0.227835446687906,UK,8.54,13.5,8,3,0.054,0.09,14,福建万象三维科技有限公司,树脂,摆件,Decorations,
英国,104,46203,【定制】【4pcs】海报画芯【猫家族系列】,2561727,宋凤莉,,,,,好品速上，热销款四连画,英德卖,https://www.amazon.co.uk/dp/B0GX5BBG9K/ref=mweb_up_am_fl_st_na_un_up_sm_web,https://www.amazon.co.uk/dp/B0GT8MCXJZ/ref=mweb_up_am_fl_st_na_un_up_sm_web,https://www.amazon.de/shopthelook?q=https%3A%2F%2Fm.media-amazon.com%2Fimages%2FI%2F7139EFZrM0L._AC_SL1500_.jpg,6.99,1.47860538641686,0.211531528815002,1.90015105386417,0.271838491253815,UK,8.54,30,20,1,0.1,0.12,6,郑州路巴特商贸有限公司,油画布,海报,Posters,30*20
英国,105,46203,【定制】挂画【猫家族1】【30*40cm】,2561728,宋凤莉,尹心如,10,,,好品速上，新载体,英德卖,https://www.amazon.co.uk/dp/B0GX5BBG9K/ref=mweb_up_am_fl_st_na_un_up_sm_web,https://www.amazon.co.uk/stylesnap?q=https%3A%2F%2Fm.media-amazon.com%2Fimages%2FI%2F71rYqd9r5dL._AC_SL1500_.jpg,https://www.amazon.de/shopthelook?q=https%3A%2F%2Fm.media-amazon.com%2Fimages%2FI%2F71rYqd9r5dL._AC_SL1500_.jpg,8.99,1.95394496487119,0.217346492199243,2.27010421545667,0.252514373243234,UK,8.54,31,3,3.5,0.05425,0.09,8.5,义乌市一彩工艺品有限公司,油画布,海报,Posters,30*40
英国,106,46203,【定制】挂画【猫家族2】【30*40cm】,2561729,宋凤莉,张奋奋,10,,,好品速上，新载体,英德卖,https://www.amazon.co.uk/dp/B0GT8MCXJZ/ref=mweb_up_am_fl_st_na_un_up_sm_web,https://www.amazon.co.uk/stylesnap?q=https%3A%2F%2Fm.media-amazon.com%2Fimages%2FI%2F7139EFZrM0L._AC_SL1500_.jpg,https://www.amazon.de/shopthelook?q=https%3A%2F%2Fm.media-amazon.com%2Fimages%2FI%2F7139EFZrM0L._AC_SL1500_.jpg,8.99,1.95394496487119,0.217346492199243,2.27010421545667,0.252514373243234,UK,8.54,31,3,3.5,0.05425,0.09,8.5,义乌市一彩工艺品有限公司,油画布,海报,Posters,30*40
英国,107,46203,【定制】木质摆件【猫家族】【20cm 厚度1.2cm】,2561730,宋凤莉,张奋奋,15,,,好品速上，新载体,英德卖,https://www.amazon.co.uk/dp/B0GVND6TQ4/ref=mweb_up_am_fl_st_na_un_up_sm_web,https://www.amazon.co.uk/stylesnap?q=https%3A%2F%2Fm.media-amazon.com%2Fimages%2FI%2F815I%2BYGwD5L._AC_SL1500_.jpg,https://www.amazon.de/shopthelook?q=https%3A%2F%2Fm.media-amazon.com%2Fimages%2FI%2F815I%2BYGwD5L._AC_SL1500_.jpg,7.99,1.61338290398127,0.201925269584639,2.31595901639344,0.289857198547365,UK,8.54,20,20,1.5,0.1,0.2,6.8,义乌市鼎禾工艺品有限公司,木质,摆件,Decorations,20cm 厚度1.2cm
英国,108,46203,【20pcs】仿真蝾螈玩具 【备注：20个/包，要颜色丰富的，每包包装尺寸高度控制在2.5cm内】,2561731,宋凤莉,,,,,新品，同款，性价比,英德卖,https://www.amazon.co.uk/dp/B0GWD6H83Y/ref=mweb_up_am_fl_st_na_un_up_sm_web,https://www.amazon.co.uk/stylesnap?q=https%3A%2F%2Fm.media-amazon.com%2Fimages%2FI%2F81PuMrTeCfL._AC_SL1500_.jpg,https://www.amazon.de/shopthelook?q=https%3A%2F%2Fm.media-amazon.com%2Fimages%2FI%2F81PuMrTeCfL._AC_SL1500_.jpg,8.99,1.77816042154567,0.197793150338784,2.15286768149883,0.239473601946477,UK,8.54,20,16,2,0.106666666666667,0.1,15.4,义乌市景焱电子商务有限公司,塑料,玩具,Toys,5cm
英国,109,46203,【2pcs】【定制】亚克力地插【秋季牛】【20cm 两根插】,2561732,宋凤莉,尹心如,10,,,秋季元素，新款式,拓品,https://www.amazon.co.uk/dp/B0H1B6ZKD6,https://www.amazon.co.uk/stylesnap?q=https%3A%2F%2Fm.media-amazon.com%2Fimages%2FI%2F71-BCNJk4JL._AC_SL1500_.jpg,https://www.amazon.co.uk/dp/B0GYX43ZQQ,6.99,1.61249297423888,0.230685690162929,1.92865222482436,0.275915911992039,UK,8.54,18,15,2,0.09,0.06,8,义乌市鼎禾工艺品有限公司,亚克力,装饰品,Decorations,20cm
英国,110,46203,金属知更鸟地插-【35*25cm】,2561733,宋凤莉,"张奋奋
余江燕","20
15",,,新品，美国爆款，英国暂无同款，金属材质尺寸35*25,,https://www.amazon.com/dp/B0DZX83BRV/ref=mweb_up_am_fl_st_na_un_lk_sm_web,https://www.amazon.co.uk/dp/B0GYX43ZQQ,https://www.amazon.com/shopthelook?q=https%3A%2F%2Fm.media-amazon.com%2Fimages%2FI%2F71gld7R8yYL._SL400_.jpg,11.99,2.70200117096019,0.22535455971311,3.22893325526932,0.269302189763913,UK,8.54,35,25,0.5,0.0729166666666667,0.15,11.88,义乌市铭冶工艺品有限公司,金属,装饰品,Decorations,35*25cm
英国,111,46203,【24pcs】粉色蝴蝶结生日派对餐盒【备注：24个装一包】,2561734,宋凤莉,,,,,新款,英德卖,https://www.amazon.co.uk/dp/B0FY2GZN8K/ref=mweb_up_am_fl_st_na_un_up_sm_web?th=1,https://www.amazon.co.uk/stylesnap?q=https%3A%2F%2Fm.media-amazon.com%2Fimages%2FI%2F61leM-mrOOL._SL400_.jpg,https://www.amazon.de/shopthelook?q=https%3A%2F%2Fm.media-amazon.com%2Fimages%2FI%2F61leM-mrOOL._AC_SL1500_.jpg,7.99,1.39090046838408,0.174080158746443,2.02321896955504,0.253218894812896,UK,8.54,22.5,16.5,0.8,0.0495,0.18,9.6,义乌市倾秘工艺品有限公司,纸,纸盒,cardboard box,
英国,112,46203,绒皮绳材料包套装-【【60色加3包配件(20龙虾扣）】,2561735,宋凤莉,,,,,自己的链接，销量一直表现好，拓的套装,,https://www.amazon.co.uk/dp/B0G244J8QZ,https://www.amazon.co.uk/shopthelook?q=local,,9.99,1.92464754098361,0.192657411509871,2.51012763466042,0.251264027493536,UK,8.54,20,20,2.5,0.166666666666667,0.1,17,义乌市矛盾线带厂,绳子+铁,手工材料包,DIY Craft Kit,
英国,113,46203,【4sets】蝴蝶结主题线圈本圆珠笔套装-【线圈本圆珠笔套装-4套（4个本+4只笔）】,2561736,宋凤莉,张奋奋,20,,,新品，市场上最低价，最有性价比套装,英德卖,https://www.amazon.co.uk/dp/B0H287SB1Z/ref=mweb_up_am_fl_st_na_un_up_sm_web,https://www.amazon.co.uk/stylesnap?q=https%3A%2F%2Fm.media-amazon.com%2Fimages%2FI%2F71lj1LydeuL.jpg,https://www.amazon.de/shopthelook?q=https%3A%2F%2Fm.media-amazon.com%2Fimages%2FI%2F71ach6s8fQL._AC_SL1500_.jpg,6.99,1.4215093676815,0.203363285791344,1.70253981264637,0.24356792741722,UK,8.54,15,12.5,2,0.0625,0.08,8.8,义乌市盈艺工艺品有限公司,塑料+纸,笔+本子,pen,
英国,114,46203,【24pcs】樱桃蝴蝶结纸质托盘【备注：24个装一包，每包包装尺寸高度控制在2.5cm内】,2561737,宋凤莉,李杉,10,,,新款,英德卖,https://www.amazon.co.uk/dp/B0GS4ZMY13/ref=mweb_up_am_fl_st_na_un_up_sm_web,https://www.amazon.co.uk/stylesnap?q=https%3A%2F%2Fm.media-amazon.com%2Fimages%2FI%2F61leM-mrOOL._SL400_.jpg,https://www.amazon.de/shopthelook?q=https%3A%2F%2Fm.media-amazon.com%2Fimages%2FI%2F61leM-mrOOL._AC_SL1500_.jpg,7.99,1.74218852459016,0.218046123227805,2.30424941451991,0.288391666397986,UK,8.54,19.5,17,2.5,0.138125,0.16,7.5,义乌市盈艺工艺品有限公司,纸,纸盒,cardboard box,
英国,115,46203,矮茎向日葵盆栽玩偶,2640392,张子轩,尹心如,10,,,向日葵好卖，这款更精致，供应商新款,英德做,https://www.amazon.co.uk/dp/B0GQLZKNMX?th=1,https://www.amazon.co.uk/dp/B0GWR2JD4F/ref=mweb_up_am_fl_st_na_un_up_sm_web?th=1,https://www.amazon.de/dp/B0D292XHHF/ref=mweb_up_am_fl_st_na_un_up_sm_web?th=1,9.99,2.10345316159251,0.210555872031282,2.48284426229508,0.248532959188697,UK,8.54,12,9,6,0.108,0.03,10,义乌市织汇饰品有限公司,布,玩偶,Doll,12*9
英国,116,46203,【定制】铁皮画-20*30cm【动力语录】,2640393,张子轩,,,,,热销款，图案小改,,https://www.amazon.co.uk/dp/B0FCRY8ZXH/ref=mweb_up_am_fl_st_na_un_up_sm_web?th=1,https://www.amazon.co.uk/dp/B0GWM4Q6BT/ref=mweb_up_am_fl_st_na_un_up_sm_web?th=1,,5.99,1.27502224824356,0.212858472160861,1.62631030444965,0.271504224449023,UK,8.54,30,20,1,0.1,0.08,3.6,福建省莆田市易佰饰品有限公司,金属,挂牌,Name Tag,30*20
英国,117,46203,【4pc】波西米亚风经文儿童房激励海报【20*25cm（4幅一套）】,2640394,张子轩,李杉,10,,,新图案，价格优，语句出自宗教，好卖,英德做,https://www.amazon.de/dp/B0FT7PG2JL/ref=mweb_up_am_fl_st_na_un_up_sm_web?th=1,https://www.amazon.co.uk/dp/B0BK7VWGJ3/ref=mweb_up_am_fl_st_na_un_up_sm_web,https://www.amazon.co.uk/dp/B0GQL8Z92G?psc=1,6.99,1.79926112412178,0.257405024910126,2.14703629976581,0.307158268922147,UK,8.54,27,22,1,0.099,0.044,6,南阳市瀚奇商贸有限公司,布,油画布,canvas,25*20
英国,118,46203,【15pc】儿童小便器变色贴纸【恐龙新款+恐龙套装+动物A套装】,2640395,张子轩,李杉,10,,,"新品热卖，新增恐龙款式,数量更多",,https://www.amazon.co.uk/dp/B0GQ3F44VC?th=1,,,5.99,1.10914402810304,0.185165947930391,1.17237587822014,0.195722183342261,UK,8.54,8,7,1,0.00933333333333333,0.018,10.5,青岛富凯乐工贸有限公司,纸,贴纸,stickers,7*7
英国,119,46203,【3pc】恐龙世界-生日立体贺卡【信封+贺卡+立体恐龙】,2640396,张子轩,尹心如,10,,,供应商新款,英德做,https://www.amazon.co.uk/dp/B0GLG2RZHK?th=1,https://www.amazon.de/shopthelook?q=https%3A%2F%2Fm.media-amazon.com%2Fimages%2FI%2F71SvYVb-RPL._AC.jpg,,6.99,1.57314871194379,0.225057040335307,1.815537470726,0.259733543737625,UK,8.54,23,18,1,0.069,0.06,8,温州威朗工艺品有限公司,纸,贺卡,Greeting Card,10*9
英国,120,46203,【12pc】粉色蝾螈派对薯片盒,2640397,张子轩,,,,,供应商新款，无竞品,,,,https://www.amazon.co.uk/stylesnap?q=https%3A%2F%2Fm.media-amazon.com%2Fimages%2FI%2F61leM-mrOOL._SL400_.jpg,6.99,1.80720023419204,0.258540806036057,2.12335948477752,0.303771027865167,UK,8.54,15,15,1,0.0375,0.09,4.8,义乌市倾秘工艺品有限公司,纸,纸盒,cardboard box,16*10
英国,121,46203,【10pcs】恐龙爆米花盒,2640398,张子轩,,,,,供应商新款，换载体，恐龙元素,英德做,https://www.amazon.co.uk/dp/B0GTDN7ZFV/ref=mweb_up_am_fl_st_na_un_up_sm_web,,https://www.amazon.de/shopthelook?q=https%3A%2F%2Fm.media-amazon.com%2Fimages%2FI%2F718mDIuaduL._AC.jpg,6.99,1.70694262295082,0.244197800136026,2.09335948477752,0.299479182371605,UK,8.54,18,18,1,0.054,0.11,4.5,义乌市元易工艺品有限公司,纸,纸盒,cardboard box,
英国,122,46203,【24pc】豹纹老虎斑马纹长颈鹿叶子派对零食托盘【每款4个】,2640401,张子轩,,,,,供应商新款，元素好卖，换载体,英德做,,https://www.amazon.de/dp/B0C8TFPQ62/ref=mweb_up_am_fl_st_na_un_up_sm_web,https://www.amazon.co.uk/stylesnap?q=https%3A%2F%2Fm.media-amazon.com%2Fimages%2FI%2F71fhu2N-mAL.jpg,8.99,1.8886756440281,0.210086278534828,2.59125175644028,0.288237125299253,UK,8.54,23,17,1,0.0651666666666667,0.2,10,杭州馨德工艺品有限公司,纸,纸盒,cardboard box,13.5*8
英国,123,46203,【12pc】67周边钥匙扣【12件套1】,2640402,张子轩,,,,,价格优势,英德做,https://www.amazon.com/dp/B0GHRW4TG8/ref=mweb_up_am_fl_st_na_un_up_sm_web?th=1&psc=1,https://www.amazon.de/dp/B0GWDY6VFT/ref=mweb_up_am_fl_st_na_un_up_sm_web,https://www.amazon.co.uk/dp/B0GQ3DG97B?psc=1,8.99,2.19312529274005,0.243951645466079,2.61467096018735,0.290842153524733,UK,8.54,15,12,1,0.03,0.12,11,义乌市墨痕工艺品有限公司,金属,钥匙扣,Keychains,
英国,124,46203,金粉蛋糕钱夹（6卡位-普通款）,2640403,张子轩,,,,,新图案，细节更精美,,https://www.amazon.co.uk/dp/B0GHQ4TBPZ?th=1,https://www.amazon.co.uk/dp/B0H1X9DBY1/ref=mweb_up_am_fl_st_na_un_up_sm_web,,5.99,1.67311943793911,0.279318770941421,1.83559016393443,0.306442431374695,UK,8.54,18.5,10,1.5,0.04625,0.041,3.9,义乌市捷通包装有限公司,纸,贺卡,Greeting Card,18*9
英国,125,46203,【126pc】4宫格中款甜美亮面穿戴甲【TD351】备注：额外下单5张对应的胶，1个迷你搓条,2640404,张子轩,,,,,新品热销，价格优势,英德做,https://www.amazon.co.uk/dp/B0GVY2PD43?psc=1,https://www.amazon.de/shopthelook?q=https%3A%2F%2Fm.media-amazon.com%2Fimages%2FI%2F71ecMW3t-4L._SL400_.jpg,,5.99,1.4110644028103,0.235570017163657,1.55157962529274,0.259028318078921,UK,8.54,10,9,2,0.03,0.04,6.59,义乌市指梅工艺品有限公司,塑料,美甲,Nail art,9*9
英国,126,46203,【126pc】4宫格中款甜美亮面穿戴甲【TD352】备注：额外下单5张对应的胶，1个迷你搓条,2640405,张子轩,,,,,新品热销，供应商新款，价格优势,英德做,https://www.amazon.co.uk/dp/B0GVY2PD43?psc=1,https://www.amazon.de/shopthelook?q=https%3A%2F%2Fm.media-amazon.com%2Fimages%2FI%2F71ecMW3t-4L._SL400_.jpg,,5.99,1.4110644028103,0.235570017163657,1.55157962529274,0.259028318078921,UK,8.54,10,9,2,0.03,0.04,6.59,义乌市指梅工艺品有限公司,塑料,美甲,Nail art,9*9
英国,127,46203,亚克力心形水晶吊坠挂件礼盒装【10*9*0.5爱心挂件18】备注：确认一下盒子的照片是否正确,2640406,张子轩,,,,,供应商新款，知更鸟元素,,https://www.amazon.co.uk/dp/B0FKG94SLM/ref=mweb_up_am_fl_st_na_un_up_sm_web?th=1,,,7.99,1.84830093676815,0.231326775565476,2.16446018735363,0.270896143598702,UK,8.54,11,11,2,0.0403333333333333,0.09,10,义乌市弘涛工艺品厂,亚克力,挂件,Pendant,10*9
英国,128,46203,【带磁】【4pc】母女心形拼接项链钥匙扣两件套【一对项链+一对银色钥匙扣】,2640407,张子轩,张奋奋,10,,,供应商新款，新增的项链加配套钥匙扣，经典组合,英德做,https://www.amazon.co.uk/dp/B0CFY4V76P/ref=mweb_up_am_fl_st_na_un_up_sm_web,https://www.amazon.com/dp/B0D2SG7PCR/ref=mweb_up_am_fl_st_na_un_up_sm_web,https://www.amazon.de/shopthelook?q=https%3A%2F%2Fm.media-amazon.com%2Fimages%2FI%2F61i9zKOrAqL._AC.jpg,7.99,1.89364051522248,0.23700131604787,2.10441334894614,0.263380894736688,UK,8.54,15,11,2,0.055,0.06,12.5,海丰县梅陇镇铭祺首饰厂,金属,钥匙扣,Keychains,
英国,129,46203,【5pc】姐妹家庭钥匙扣套装【四件钥匙扣+粉色绒布袋】,2640408,张子轩,张奋奋,20,,,供应商新款，十月开始起量,,https://www.amazon.com/dp/B0D2SG7PCR/ref=mweb_up_am_fl_st_na_un_up_sm_web,https://www.amazon.co.uk/dp/B0CFY4V76P/ref=mweb_up_am_fl_st_na_un_up_sm_web,,7.99,1.89364051522248,0.23700131604787,2.10441334894614,0.263380894736688,UK,8.54,15,11,2,0.055,0.06,12.5,义乌市青浅饰品有限公司,金属,钥匙扣,Keychains,
英国,130,46203,【6pc】波西米亚风手工编织十字架钥匙扣【粉色+黑色+天蓝+紫色+白色+棕色】,2640409,张子轩,余江燕,10,,,选了最好卖的颜色作为组合，英国无竞品，且价格优势,,https://www.amazon.com/dp/B0FSJFHP6D/ref=mweb_up_am_fl_st_na_un_up_sm_web?th=1,,,6.99,1.58321896955504,0.226497706660234,1.75183723653396,0.250620491635759,UK,8.54,14,6,2,0.028,0.048,10.14,义乌市炽乐贸易有限公司,布,钥匙扣,Keychains,
英国,131,46203,DIY创意折叠生日红包【白色】,2640410,张子轩,张奋奋,10,,,新配色，美国热销，英国无竞品,做图把美金改成英镑,https://www.amazon.com/dp/B0FRSDMB26/ref=mweb_up_am_fl_st_na_un_up_sm_web?th=1,https://www.amazon.co.uk/stylesnap?q=https%3A%2F%2Fm.media-amazon.com%2Fimages%2FI%2F51tVhL7slSL._AC.jpg,,4.99,1.15558430913349,0.231580021870439,1.33122833723653,0.266779225899105,UK,8.54,20,15,1,0.05,0.046,2.6,义乌市茜卓电子商务有限公司,纸,贺卡,Greeting Card,
英国,132,46203,【2套】蝾螈牵手袜,2660243,黄雨珊,余江燕,15,,,供应商新款有销量，，2双装高性价比,英德卖,https://www.amazon.co.uk/dp/B0H1G64KRD/ref=mweb_up_am_fl_st_na_un_up_sm_web,https://www.amazon.de/dp/B0FWRQL2GM/ref=mweb_up_am_fl_st_na_un_up_sm_web,,8.99,1.84841803278688,0.205608235015226,2.31680210772834,0.257708799524843,UK,8.54,20,20,2,0.133333333333333,0.1,13.6,诸暨市蔚蓝袜业有限公司,涤纶,袜子,Socks,
英国,133,46203,【6pcs】航海远航涤纶挂绳带卡套【天蓝乌龟】【白色乌龟】【红色乌龟】【新款黑色海浪】【新款湖绿海浪】【新款浅蓝海浪】-供应商打包,2660244,黄雨珊,尹心如,15,,,供应商新款和销量好的款组合，性价比高，同价格多2pcs,英德卖,https://www.amazon.co.uk/dp/B0GRM12QZN/ref=mweb_up_am_fl_st_na_un_up_sm_web,https://www.amazon.co.uk/dp/B0GTPWBG8Z/ref=mweb_up_am_fl_st_na_un_up_sm_web,https://www.amazon.de/dp/B0GRM12QZN?psc=1,8.99,2.1287224824356,0.236787817846006,2.65565456674473,0.295400952919325,UK,8.54,15,30,2,0.15,0.15,10.2,义乌市麦井电子商务有限公司,涤纶,挂绳,Lanyard,
英国,134,46203,【4条】单身女郎派对趣味闪粉横幅装饰,2660245,黄雨珊,李杉,10,,,新组合，美国销量好，英德都有销量无同款,英德卖,https://www.amazon.co.uk/dp/B0BSVHH3L9/ref=mweb_up_am_fl_st_na_un_up_sm_web,https://www.amazon.de/dp/B0GRZX2NFW/ref=mweb_up_am_fl_st_na_un_up_sm_web,https://www.amazon.com/dp/B0H115XLK6/ref=mweb_up_am_fl_st_na_un_up_sm_web?th=1,6.99,1.41214168618267,0.202023131070482,1.69317213114754,0.242227772696358,UK,8.54,19,16,1,0.0506666666666667,0.08,8.88,义乌市尼坎玩具厂,纸质,拉旗,Banner,
英国,135,46203,【17pcs】女生健身房生日派对蛋糕装饰插牌【1件大插牌，Y-00595-4】【16件小插牌，Y-00595-5】-供应商打包,2660246,黄雨珊,尹心如,20,,,供应商新款销量好，便宜2英镑多16pcs，英德有市场,英德卖,https://www.amazon.co.uk/Pink-Glitter-Fitness-Topper-Women/dp/B0GS4LC41F/ref=sr_1_47?crid=3UK1BJULN2COK&dib=eyJ2IjoiMSJ9.shTpKSVFXM-ZEio2GaG6jFf74-WwTjlSMUG7Cpf_qYg6e70aLOsF4pRIR9iyJxYVUNWRfkLCdtBLjFZnvck8gbp2IHfYFkYlHq34Imt2Y5A5uI9ykOrJmcfGQI8C7Zk0wleRkq7q1ZhQXwU3j_itc9i1oX_2xnGDb1wB-S5igLsh-kdrjCEwJGY2zy0aJFbN9WRQwQ_TfgbSSpfdoVMNSvq1pX0b72Q5qPIMDUxOcc3s53Ms4dQVW5TcPDuSByTYzq-1S-pE_51XwrStSLbNx-WOCI_keKw-JYAZ11EL3mg.uAm5HgQQTCRSg8YQ9rSVuHQ3abbFFUhDr-pFWZf5_uM&dib_tag=se&keywords=Female+Fitness+Cupcake+Toppers&qid=1782441569&sprefix=female+fitness+cupcake+toppers+%2Caps%2C646&sr=8-47,https://www.amazon.de/dp/B0FR1L9GTT/ref=mweb_up_am_fl_st_na_un_up_sm_web,https://www.amazon.com/dp/B0GQM24WKH/ref=mweb_up_am_fl_st_na_un_up_sm_web?th=1,5.99,1.39167037470726,0.232332282922748,1.63801112412178,0.273457616714821,UK,8.54,17,16.5,1.5,0.070125,0.03,5.4,四会市喜悦工艺品有限公司,纸质,插牌,Topper,
英国,136,46203,【定制】【6pcs】金属圆珠笔好运礼物【玫红触控头黑】【橘红触控头黑】【浅黄色控头黑】【绿色控头黑】【蓝色控头黑】【深蓝控头黑】-拿图找客服定制文字-供应商打包！,2660247,黄雨珊,李杉,10,,,性价比高，比同数量6便宜，款式销量好,,https://www.amazon.co.uk/dp/B0GR8FSTS6?th=1,https://www.amazon.co.uk/dp/B0H51NZTMP/ref=mweb_up_am_fl_st_na_un_up_sm_web,https://www.amazon.co.uk/dp/B0GS9KRHM1/ref=mweb_up_am_fl_st_na_un_up_sm_web,7.99,1.94783255269321,0.243783798835195,2.2991206088993,0.287749763316558,UK,8.54,13,16,1,0.0346666666666667,0.1,8.7,义乌市广俊制笔厂,金属,笔,Pen,
英国,137,46203,狗狗橡胶咀嚼玩具【RT马卡龙黄】,2660248,黄雨珊,尹心如,10,,,新款颜色,英德卖，供应商有专利,https://www.amazon.co.uk/dp/B0GZZXZRM8?psc=1,https://www.amazon.co.uk/dp/B0H115BZM4/ref=mweb_up_am_fl_st_na_un_up_sm_web,https://www.amazon.de/dp/B0GJSBPCD2/ref=mweb_up_am_fl_st_na_un_up_sm_web,8.99,1.89539695550351,0.210833921635541,2.07104098360656,0.230371633326647,UK,8.54,15,3,3,0.0225,0.05,10.8,东莞市麦极电子科技有限公司,橡胶,狗玩具,Dog Toy,
英国,138,46203,【2pcs】树脂食玩解压玩具钥匙扣【113-两键吐司-不带灯】【114-I型贝果-不带灯】-供应商打包,2660249,黄雨珊,余江燕,10,,,新款两件装,英德卖,https://www.amazon.co.uk/Keyboard-Clicker-4-Button-Portable-Keyring/dp/B0H141TQV4,https://www.amazon.de/dp/B0GWHPVY21/ref=mweb_up_am_fl_st_na_un_up_sm_web,,8.99,1.74317213114754,0.193901238169916,1.91881615925059,0.213438949861022,UK,8.54,10,4,4,0.0266666666666667,0.05,12.1,义乌市润枫文化用品有限公司,塑料,钥匙扣,Keychain,
英国,139,46203,【10pcs】黑色【03】【06】【08】，粉色【01】【04】【05】，黄色【01】【02】，棕色【13】【10】,2660250,黄雨珊,张奋奋,20,,,款式不同，多1pcs,英德卖,https://www.amazon.co.uk/dp/B0H2TFPH1G/ref=mweb_up_am_fl_st_na_un_up_sm_web,https://www.amazon.de/dp/B0GVSFDPZL/ref=mweb_up_am_fl_st_na_un_up_sm_web,,7.99,1.7838981264637,0.223266348743892,2.13518618266979,0.267232313225255,UK,8.54,17,25,1,0.0708333333333333,0.1,10.1,石狮市汇海服装辅料有限公司,塑料,笔,Pen,
英国,140,46203,【1套】复古唯美网纱头饰带发箍和金属发夹【裸粉】,2660251,黄雨珊,,,,,粉色销量好,,https://www.amazon.co.uk/dp/B0GWQ2JK5Q/ref=mweb_up_am_fl_st_na_un_up_sm_web,https://www.amazon.co.uk/dp/B0H1PQ6WSP/ref=mweb_up_am_fl_st_na_un_up_sm_web,,9.99,2.16600585480094,0.216817402882977,2.7350925058548,0.273783033619099,UK,8.54,18,18,3,0.162,0.03,9,义乌市枕纱饰品有限公司,涤纶,发饰,Clip,
英国,141,46203,【2pcs】4年计划本套装【2027日程本35-棕】【金色豹纹】-仓库打包,2660252,黄雨珊,,,,,供应商新款，豹纹笔记本销量好，有价格优势,组合SKU,https://www.amazon.co.uk/dp/B0GXV659XV?th=1,https://www.amazon.co.uk/stylesnap?q=https%3A%2F%2Fm.media-amazon.com%2Fimages%2FI%2F81a17L1SlyL._AC_SL1500_.jpg,,8.99,1.95893325526932,0.21790136321127,2.48586533957845,0.276514498284589,UK,8.54,21,14,1,0.049,0.15,11.65,温州市强晟文具用品有限公,纸质,本子,Book,
英国,142,46203,四年计划A5线圈本套装【2027日程本35-棕】【14.8*21cm】,2660253,黄雨珊,,,,,,子SKU,,,,,-1.96135831381733,#DIV/0!,-1.4344262295082,#DIV/0!,UK,8.54,21,14,1,0.049,0.15,10,温州市强晟文具用品有限公,纸质,本子,Book,
英国,143,46203,按动金属圆珠笔【金色豹纹】-【14*1cm】,2660254,黄雨珊,,,,,,子SKU,,,,,-0.298594847775176,#DIV/0!,-0.228337236533958,#DIV/0!,UK,8.54,,,,0,0.02,1.65,桐庐新豪文具有限公司,金属,笔,Pen,14*1
德国,1,46203,人偶13关节可动3D打印第3代假人玩偶【暗黑死神黑红*成品款（拼好）备注：与商家协商11.5元一套】,2620720,龙梦临,余江燕,10,,,在英国出的还行,,https://www.amazon.co.uk/dp/B0GZZ7KTP8/ref,,https://www.amazon.co.uk/stylesnap?q=https%3A%2F%2Fm.media-amazon.com%2Fimages%2FI%2F81n2o1b-h1L.jpg,8.99,2.10316666666667,0.233945124212087,2.52983333333333,0.281405265109381,DE,7.5,20,12,2,0.08,0.05,11.5,义乌市实耀贸易商行,塑料,玩具,toy,
德国,2,46203,【4pcs】开学季女孩勇气石天使手链【勇气石盒子+粉晶天使手链】,2620912,龙梦临,余江燕,15,,,供应商新款，无同款搭配，九月份开学季,,https://www.amazon.de/dp/B0GZT6QKT7?th=1,,https://www.amazon.de/dp/B0D875T1JR?th=1,7.99,1.87316666666667,0.234438881935753,2.03316666666667,0.254463913224864,DE,7.5,9,9,1.6,0.0216,0.03,11,义乌市满蹊饰品有限公司,天然石,手链,bracelet,
德国,3,46203,高地牛熟食拼盘【B款上色】,2550899,陈杨,余江燕,10,,,德国没有FBA，各个FBM链接都有量,英拓德,https://www.amazon.de/dp/B0GPQGFHCP/ref,https://www.amazon.de/shopthelook?q=https%3A%2F%2Fm.media-amazon.com%2Fimages%2FI%2F7168Kdyud0L._AC_SL1500_.jpg,,19.99,4.7565,0.237943971985993,6.3565,0.317983991995998,DE,7.5,30,20,2,0.2,0.3,31,义乌市金缠电子商务有限公司,木,盘子,plate,
德国,4,46203,金属铁艺花艺摆件【罗宾】,2551868,陈杨,余江燕,10,,,销量非常好，速上,英拓德,https://www.amazon.de/dp/B0H5K8LGQL/ref,https://www.amazon.de/shopthelook?q=https%3A%2F%2Fm.media-amazon.com%2Fimages%2FI%2F71qxjeVJr9L._AC_SL1500_.jpg,,19.99,4.51138888888889,0.225682285587238,7.0145,0.350900450225113,DE,7.5,32,22,4,0.469333333333333,0.25,20,义乌市方逸文化用品有限公司,铁,花园装饰雕塑,Wire metal garden sculpture,
德国,5,46203,金属铁艺花艺摆件【蓝鸟】,2551925,陈杨,余江燕,10,,,销量非常好，速上,英拓德,https://www.amazon.de/dp/B0H5K8LGQL/ref,https://www.amazon.de/shopthelook?q=https%3A%2F%2Fm.media-amazon.com%2Fimages%2FI%2F71qxjeVJr9L._AC_SL1500_.jpg,,19.99,4.51138888888889,0.225682285587238,7.0145,0.350900450225113,DE,7.5,32,22,4,0.469333333333333,0.25,20,义乌市方逸文化用品有限公司,铁,花园装饰雕塑,Wire metal garden sculpture,
德国,6,46203,【3pcs】鸟水池清洁器-【叶子】,2551942,陈杨,余江燕,20,,,销量非常好，速上,,https://www.amazon.de/dp/B0GZNWPQDP/ref=mweb_up_am_fl_st_na_un_up_sm_web?th=1,https://www.amazon.de/shopthelook?q=https%3A%2F%2Fm.media-amazon.com%2Fimages%2FI%2F61u-Ijd3mPL._AC_SL1500_.jpg,,13.99,2.9465,0.210614724803431,3.47983333333333,0.248737193233262,DE,7.5,10,10,2,0.0333333333333333,0.1,24,深圳市奕晨电子商务有限公司,铜,鸟池清洁器,bird water feeder,
德国,7,46203,【50pcs】沙盘人物玩偶模型（1:50比例）【备注：50个/包，加1.5元/包打包费，要主图上相似款，每包款式丰富，包装厚度控制在2.5cm内】,2561312,宋凤莉,余江燕,20,,,放的自己的链接，做的1:50比例，市场上性价比很高，利润不错,拓品,https://www.amazon.de/dp/B0H25CHZDT,https://www.amazon.de/dp/B0GR5PSLX5/ref=mweb_up_am_fl_st_na_un_lk_sm_web,https://www.amazon.de/VICDUEKG-St%C3%BCck-Verschieden-Architekturmodell-Miniaturleute/dp/B0GHFXN3BS/ref,11.99,2.92316666666667,0.243800389213233,3.18983333333333,0.266041145398944,DE,7.5,12,10,2.5,0.05,0.03,19,深圳精艺展模型材料有限公司,塑料,玩具,Toys,
德国,27,6月30日,【13pcs】越野摩托车主题派对插牌【大插排*1】【小插排*12】-供应商打包,2660238,黄雨珊,余江燕,10,,,越野车主题销量好，有价格优势，组合不同,,https://www.amazon.de/dp/B0GTVGFW81/ref=mweb_up_am_fl_st_na_un_up_sm_web,https://www.amazon.de/dp/B0G58MDWPZ/ref=mweb_up_am_fl_st_na_un_up_sm_web,,5.99,1.45924941451991,0.243614259519183,1.63489344262295,0.272937135663264,DE,8.54,15,15,1,0.0375,0.03,2.5,义乌市渺阔工艺品有限公司,纸质,插牌,Topper,
德国,28,6月30日,【18pcs】开学季圆形立体铅笔异形纸盒子套装【KZ114款 12纸盒（六款各2个）】【贴纸*6】-仓库打包,2660239,黄雨珊,余江燕,10,,,销量很好，开学季流量持续到九月，贴纸款式有差异化,组合sku,https://www.amazon.de/dp/B0H2NYVYMP?psc=1,https://www.amazon.de/dp/B0H285YNL4/ref=mweb_up_am_fl_st_na_un_up_sm_web,https://www.amazon.de/dp/B0GWJ2YW25/ref=mweb_up_am_fl_st_na_un_up_sm_web,9.99,2.06883333333333,0.20709042375709,2.70883333333333,0.271154487821155,DE,7.5,32,15,1.5,0.12,0.12,10.91,杭州创客纸业有限公司,纸质,盒子,Box,
德国,28,6月30日,【12pcs】开学季圆形立体铅笔异形纸盒子套装带贴纸【KZ114款 12纸盒（六款各2个）】,2660240,黄雨珊,余江燕,,,,,子sku  供应商有专利,,,,,-2.08,#DIV/0!,-1.44,#DIV/0!,DE,7.5,32,15,1.5,0.12,0.12,9,杭州创客纸业有限公司,纸质,盒子,Box,
德国,30,6月30日,【6pcs】塑料彩色贴纸【3A-blueberry juice 1张装【防水PET】】【4A- strawberry field1张装【防水PET】】【5B-peach crush 1张装【防水PET】】【爱心（单张）】【圆点（单张）】【五角星（单张）】-供应商打包！,2660241,黄雨珊,余江燕,,,,,子sku,,,,,-0.401333333333333,#DIV/0!,-0.294666666666667,#DIV/0!,DE,7.5,15,11,0.5,0.01375,0.02,1.91,义乌市温龙电子商务有限公司,塑料,贴纸,Stickers,
德国,31,6月30日,【定制】【露营车主题】收纳筐礼物【21*14cm】,2660242,黄雨珊,余江燕,10,,,露营车主题市场大，上新多，图案已改,市场大可以多备一点货,https://www.amazon.de/dp/B0GVJQ1HMC/ref=mweb_up_am_fl_st_na_un_up_sm_web,https://www.amazon.de/dp/B0GY8MVXF5/ref=mweb_up_am_fl_st_na_un_up_sm_web,https://www.amazon.de/stylesnap?q=https%3A%2F%2Fm.media-amazon.com%2Fimages%2FI%2F81lNjdPtOVL.jpg,11.99,2.36683333333333,0.197400611620795,3.54016666666667,0.295259938837921,DE,7.5,20,25,2.5,0.208333333333333,0.22,8.5,义乌市淮清布艺有限公司,布,储物袋,Bag,
