idx	SKU	开发	站点	产品名称	开品理由	售价	采购价¥	空运利润率
1	2551904	陈杨	UK	【定制】亚克力挂牌-【生命秋树】	秋季元素	6.99	4	0.320308537120611
2	2551905	陈杨	UK	【定制】亚克力挂牌-【枫叶罗宾】	秋季元素	6.99	4	0.320308537120611
3	2551906	陈杨	UK	【定制】亚克力挂牌-【枫叶知更鸟】	秋季元素	6.99	4	0.320308537120611
4	2551907	陈杨	UK	【定制】亚克力挂牌-【枫叶猫咪】	秋季元素	6.99	4	0.320308537120611
5	2551908	陈杨	UK	【定制】【4set】亚克力口袋卡片-【粉天使】	供应商新款	6.99	2	0.392549577348705
6	2551909	陈杨	UK	【定制】【4set】亚克力口袋卡片-【蓝天使】	供应商新款	6.99	6	0.325541841305579
7	2551910	陈杨	UK	【定制】【4pcs】亚克力口袋卡片-【紫天使】	供应商新款	6.99	6	0.325541841305579
8	2551911	陈杨	UK	【定制】【4pcs】亚克力口袋卡片-【黄天使】	供应商新款	6.99	6	0.325541841305579
9	2551912	陈杨	UK	【定制】【4pcs】亚克力口袋卡片-【白天使】	供应商新款	6.99	6	0.325541841305579
10	2551913	陈杨	UK	【定制】【4set】亚克力口袋卡片-【彩天使】	供应商新款	6.99	6	0.325541841305579
11	2551914	陈杨	UK	【定制】亚克力吊坠挂牌-【向日葵】	向日葵元素好卖，风格也适合秋天	7.99	7	0.317605584263702
12	2551915	陈杨	UK	卡通狐狸笔袋【原色】	很新，英德销量都不错，英国没有FBA速上	12.99	11.9	0.210393240702179
13	2551916	陈杨	UK	卡通狐狸笔袋【白色】	很新，英德销量都不错，英国没有FBA速上	12.99	11.9	0.210393240702179
14	2551917	陈杨	UK	韩版刺绣软顶棒球帽【卡其色】	非常热销，英德销量都很大	9.99	6	0.18254190959109
15	2551918	陈杨	UK	韩版刺绣软顶棒球帽【灰色】	非常热销，英德销量都很大	9.99	6	0.18254190959109
16	2551919	陈杨	UK	【定制】亚克力挂牌-【读者】	外网热卖	6.99	4	0.320308537120611
17	2551920	陈杨	UK	花朵鸭舌帽-【QJ2600511-7】	拓品	13.99	18	0.19502798084279
18	2551921	陈杨	UK	直升机风车	拓品	19.99	21	0.324038424364407
19	2551922	陈杨	UK	飞行员花园装饰摆件	拓品	19.99	24	0.301193278137898
20	2551923	陈杨	UK	【定制】侧兜午餐包-【紫色闪电】	市场上大量上新	9.99	17.5	0.187310143867521
21	2551924	陈杨	UK	头戴式防尘防风沙战术眼镜	FBM上新销量不错	15.99	5.8	0.205708851990339
22	2551925	陈杨	UK	金属铁艺花艺摆件【蓝鸟】	供应商新款，FBM上新	16.99	20	0.206504514985396
23	2551926	陈杨	UK	发光园林树脂花园装饰品【LD-050-黄桶高地牛】带电	供应商新款，FBM上新	34.99	38	0.213458412005304
24	2551927	陈杨	UK	发光园林树脂花园装饰品【LD-051-蓝桶高地牛】带电	供应商新款，FBM上新	34.99	38	0.213458412005304
25	2551928	陈杨	UK	【定制】侧兜午餐包-【粉色闪电】	市场上大量上新	9.99	17.5	0.187310143867521
26	2551931	陈杨	UK	【定制】亚克力挂牌-【秋狐】	秋季元素	6.99	4	0.320308537120611
27	2551933	陈杨	UK	【定制】侧兜午餐包-【粉底紫色闪电】	市场上大量上新	9.99	17.5	0.187310143867521
28	2551934	陈杨	UK	【定制】亚克力吊坠挂牌-【五只罗宾】	异形好卖	7.99	7	0.317605584263702
29	2551935	陈杨	UK	【定制】亚克力吊坠挂牌-【紫龙】	异形好卖	7.99	7	0.317605584263702
30	2551936	陈杨	UK	【定制】亚克力挂牌-【双龙】	异形好卖	6.99	4	0.320308537120611
31	2551938	陈杨	UK	【定制】【2pcs】化妆包-【编制收纳】	秋季针织会热销	6.99	7	0.289567063017425
32	2551939	陈杨	UK	【定制】【2pcs】化妆包-【编制收纳2】	秋季针织会热销	6.99	7	0.289567063017425
33	2551940	陈杨	UK	【2pcs】手部去茧球握力训练器【3cm】	销量很好，性价比	8.99	12	0.196376014984122
34	2551941	陈杨	UK	【定制】亚克力吊坠挂牌-【三只罗宾】	异形好卖	7.99	7	0.317605584263702
35	2551943	陈杨	UK	【定制】亚克力挂牌-【暗影龙】	异形好卖	6.99	4	0.320308537120611
36	2630932	周沁仪	UK	【9sheet】秋季动物树枝窗贴	供应商新款，去年的款卖的很好	7.99	8.18	0.214675399284234
37	2630933	周沁仪	UK	摩斯密码strong手链	美国站链接卖的最好的款，英国无同款卡片	6.99	7.5	0.287153109326472
38	2630934	周沁仪	UK	友谊粉水晶祝福卡片	美国站链接卖的最好的款，英国无同款卡片	5.99	5.8	0.2752849206132
39	2630935	周沁仪	UK	【10pcs】vintage复古风一字夹	美国站老品翻新的英国新品，表现不错	9.99	21.2	0.222982818884458
40	2630936	周沁仪	UK	【5pcs】复古绿松石一字夹	美国站销量很稳定的老品，英国站翻新卖的自发货也有出单	5.99	5.2	0.287014071070832
41	2630940	周沁仪	UK	木质黑猫纸巾架	常年搜索量很高的品线，黑猫元素好卖	6.99	5.9	0.251943894422611
42	2630941	周沁仪	UK	【2pcs】友情口袋拥抱卡片	好卖的品线，供应商新款	5.99	2.3	0.293738783999875
43	2630942	周沁仪	UK	【2pcs】珍珠天使口袋拥抱卡【下单备注两组为一套】	供应商新款，经典的珍珠天使，带有宗教元素更好卖	5.99	2	0.348689853893883
44	2630943	周沁仪	UK	【2pcs】粉色珍珠花朵花童手链项链【图片一套9元】	自组粉色款	6.99	9	0.262025208310299
45	2630948	周沁仪	UK	【6pcs】水果刺绣贴布	供应商新款	5.99	7.85	0.223774401520098
46	2630949	周沁仪	UK	【25pcs】紫玫瑰刺绣贴布	美国上新卖的最好的款，英国竞品没有上的新颜色	7.99	13.88	0.223371867058648
47	2630950	周沁仪	UK	【28张】造景贴纸合集本【送随机颜色镊子】	美国站上新，卖的很好，英国无同款	8.99	8.8	0.231577761395045
48	2630951	周沁仪	UK	【9sheet】秋季动物落叶窗贴	供应商新款，去年的款卖的很好	7.99	8.18	0.214675399284234
49	2630952	周沁仪	UK	【2pcs】魔法师猫咪海龟钩针组合【披风小猫+披风海龟】	新品，表现很好，组合了受欢迎的海龟	12.99	19.5	0.215441259985613
50	2630953	周沁仪	UK	蜂鸟金属胸针	新品，图案卖的很好，自发货已有出单	7.99	12.5	0.270890281470105
51	2630955	周沁仪	UK	【定制】帆布袋-腊肠狗	腊肠狗元素好卖	7.99	9	0.222442719675942
52	2630958	周沁仪	UK	【定制】书本收纳袋-秋日书店	类似风格的销量好，图案不一样	7.99	10	0.276937067118441
53	2630959	周沁仪	UK	【定制】亚克力挂牌-戴帽知更鸟	市场体量最大的元素改款	6.99	4	0.283772569043096
54	2630960	周沁仪	UK	【定制】-亚克力挂牌-打盹狐狸	狐狸元素好卖	6.99	4	0.283772569043096
55	2630961	周沁仪	UK	【定制】-亚克力挂牌-花窗舞女	自主改款，和现货动作有差异化	6.99	4	0.283772569043096
56	2630962	周沁仪	UK	【定制】亚克力挂牌-提灯舞女	花纹更精细	6.99	4	0.283772569043096
57	2620897	龙梦临	UK	【带磁！】【2pcs】腊肠狗磁吸手机气囊支架【白色＋粉色 备注：两款各1为一套平铺中袋打包并打包费0.15一套联系客服】	腊肠小狗元素也很受欢迎，德国也可以尝试一下，超绝性价比	8.99	15.6	0.250182872981429
58	2620898	龙梦临	UK	【带磁！】【2pcs】蝴蝶结磁吸手机气囊支架【粉色＋绿色 备注：两款各1为一套平铺中袋打包并打包费0.15一套联系客服】	更加精致	8.99	17	0.225500230544998
59	2620899	龙梦临	UK	蝴蝶结百搭手提云朵包【粉色】	粉色蝴蝶结元素的包市场很大，供应商新款，有价格优势	7.99	8.5	0.199873524575509
60	2620900	龙梦临	UK	玫瑰花链条包【粉色 备注：不放气袋打包】	供应商新款，竞品就一家，有价格优势	8.99	9.5	0.180876097042512
61	2620901	龙梦临	UK	【3pcs】晕染树脂手镯【黑咖色＋浅黄＋褐色 备注：三款各1为一套平铺打包】	较新，超绝性价比，符合秋天	9.99	13.5	0.234195436654453
62	2620902	龙梦临	UK	【定制】木质挂牌-欢迎秋天【20*20】	秋天元素	6.99	5	0.28638922113558
63	2620903	龙梦临	UK	【3pcs】波西米亚风格木质墙贴装饰三件套	符合秋天气质	7.99	8.9	0.238012533230942
64	2620904	龙梦临	UK	【2pcs】树脂弹力手链【琥珀色】	符合秋天气质	5.99	7.8	0.220713093250656
65	2620905	龙梦临	UK	【2pcs】外出旅行收纳袋宝宝衣服尿片收纳挂袋【SMT082-EF737*26*36cm/18*25cm】	9月有搜索高峰	7.99	13.5	0.190382738376132
66	2620907	龙梦临	UK	【定制】木质挂牌-20*20cm-狐狸一家	狐狸元素加上秋天质感	6.99	5	0.28638922113558
67	2620908	龙梦临	UK	【定制】木质挂牌-20*20cm-猫头鹰一家	猫头鹰元素加上秋天质感	6.99	5	0.28638922113558
68	2561705	宋凤莉	UK	异形黑胆石手链	供应商上新款，市场上表现很好	5.99	4.5	0.30069807993807
69	2561706	宋凤莉	UK	机械齿轮式绘图笔	新品，自发货表现好	9.99	18	0.234926847221929
70	2561707	宋凤莉	UK	高地牛手工diy珠子套装-【高地牛B】	新品畅销	13.99	20	0.216612484996811
71	2561708	宋凤莉	UK	蜜蜂编织手链	新品，自发货表现好	6.99	12.5	0.195855068967712
72	2561709	宋凤莉	UK	复古街机开关面板	新品，自发货有销量	8.99	5.8	0.225664347323203
73	2561710	宋凤莉	UK	【4pcs】雏菊木质墙面装饰-【4件套】	供应商上新，类似竞品表现不错，de自发货销量不错	12.99	18	0.199767160110552
74	2561711	宋凤莉	UK	水彩画练习册套装-【小马 单本+16色颜料】-带液体！	新品热销，市场量大，价格优势	13.99	18.55	0.198617028221898
75	2561712	宋凤莉	UK	【定制】帆布袋【伦敦地图1】	都是自己的链接，伦敦地图款帆布袋好卖，拓的新图案	7.99	9	0.222442719675942
76	2561713	宋凤莉	UK	【定制】帆布袋【伦敦地图2】	都是自己的链接，伦敦地图款帆布袋好卖，拓的新图案	7.99	9	0.222442719675942
77	2561714	宋凤莉	UK	diy拼布仙子套装-【花仙子】	新品，自发货表现好	13.99	26	0.192758042295182
78	2561715	宋凤莉	UK	【2pcs】【定制】厨房毛巾【高地牛款】	新载体，都是做过的好卖的图案	9.99	10.76	0.234664289582322
79	2561716	宋凤莉	UK	【定制】化妆包【巴黎地图】	都是自己的链接，拓新地标巴黎	5.99	3.5	0.229998670696281
80	2561717	宋凤莉	UK	27孔黑色飞镖架 【备注：独立opp袋装，加0.3元/个】	市场表现很好，价格优势明显！便宜的是尺寸更小的	8.99	5.1	0.209351660575242
81	2561718	宋凤莉	UK	【定制】金属地插【纪念父亲】【最长边30cm】	热销，拓款，新设计	7.99	11	0.193132076688366
82	2561719	宋凤莉	UK	【定制】金属地插【纪念通用款】【最长边30cm】	热销，拓款，新设计	7.99	11	0.193132076688366
83	2561720	宋凤莉	UK	表情包子6按键钥匙扣-【带表情包子6按键陀螺（带盖子）】-不带灯	新款，有带钥匙扣（图片没体现）	7.99	6.2	0.177119672424254
84	2561721	宋凤莉	UK	【定制】亚克力挂牌【猫头鹰】	新图案，都是自己的链接	6.99	4.5	0.220745092520932
85	2561724	宋凤莉	UK	【8pcs】水彩画练习线稿卡-花卉	新款式	6.99	4.5	0.236659429831174
86	2561725	宋凤莉	UK	【9pcs】花瓶蜂窝装饰	热销，价格优势，无季节性	8.99	13	0.219736442781858
87	2561726	宋凤莉	UK	【40pcs】3d多色小动物-【40件多色小动物不重复】【备注：塑料盒装，加0.5元/套】	40款不重复，性价比很高	9.99	14	0.196187874056726
88	2561727	宋凤莉	UK	【定制】【4pcs】海报画芯【猫家族系列】	好品速上，热销款四连画	6.99	6	0.211531528815002
89	2561728	宋凤莉	UK	【定制】挂画【猫家族1】【30*40cm】	好品速上，新载体	8.99	8.5	0.217346492199243
90	2561729	宋凤莉	UK	【定制】挂画【猫家族2】【30*40cm】	好品速上，新载体	8.99	8.5	0.217346492199243
91	2561730	宋凤莉	UK	【定制】木质摆件【猫家族】【20cm 厚度1.2cm】	好品速上，新载体	7.99	6.8	0.201925269584639
92	2561731	宋凤莉	UK	【20pcs】仿真蝾螈玩具 【备注：20个/包，要颜色丰富的，每包包装尺寸高度控制在2.5cm内】	新品，同款，性价比	8.99	15.4	0.197793150338784
93	2561732	宋凤莉	UK	【2pcs】【定制】亚克力地插【秋季牛】【20cm 两根插】	秋季元素，新款式	6.99	8	0.230685690162929
94	2561733	宋凤莉	UK	金属知更鸟地插-【35*25cm】	新品，美国爆款，英国暂无同款，金属材质尺寸35*25	11.99	11.88	0.22535455971311
95	2561734	宋凤莉	UK	【24pcs】粉色蝴蝶结生日派对餐盒【备注：24个装一包】	新款	7.99	9.6	0.174080158746443
96	2561735	宋凤莉	UK	绒皮绳材料包套装-【【60色加3包配件(20龙虾扣）】	自己的链接，销量一直表现好，拓的套装	9.99	17	0.192657411509871
97	2561736	宋凤莉	UK	【4sets】蝴蝶结主题线圈本圆珠笔套装-【线圈本圆珠笔套装-4套（4个本+4只笔）】	新品，市场上最低价，最有性价比套装	6.99	8.8	0.203363285791344
98	2561737	宋凤莉	UK	【24pcs】樱桃蝴蝶结纸质托盘【备注：24个装一包，每包包装尺寸高度控制在2.5cm内】	新款	7.99	7.5	0.218046123227805
99	2640392	张子轩	UK	矮茎向日葵盆栽玩偶	向日葵好卖，这款更精致，供应商新款	9.99	10	0.210555872031282
100	2640393	张子轩	UK	【定制】铁皮画-20*30cm【动力语录】	热销款，图案小改	5.99	3.6	0.212858472160861
101	2640394	张子轩	UK	【4pc】波西米亚风经文儿童房激励海报【20*25cm（4幅一套）】	新图案，价格优，语句出自宗教，好卖	6.99	6	0.257405024910126
102	2640395	张子轩	UK	【15pc】儿童小便器变色贴纸【恐龙新款+恐龙套装+动物A套装】	新品热卖，新增恐龙款式,数量更多	5.99	10.5	0.185165947930391
103	2640396	张子轩	UK	【3pc】恐龙世界-生日立体贺卡【信封+贺卡+立体恐龙】	供应商新款	6.99	8	0.225057040335307
104	2640397	张子轩	UK	【12pc】粉色蝾螈派对薯片盒	供应商新款，无竞品	6.99	4.8	0.258540806036057
105	2640398	张子轩	UK	【10pcs】恐龙爆米花盒	供应商新款，换载体，恐龙元素	6.99	4.5	0.244197800136026
106	2640401	张子轩	UK	【24pc】豹纹老虎斑马纹长颈鹿叶子派对零食托盘【每款4个】	供应商新款，元素好卖，换载体	8.99	10	0.210086278534828
107	2640402	张子轩	UK	【12pc】67周边钥匙扣【12件套1】	价格优势	8.99	11	0.243951645466079
108	2640403	张子轩	UK	金粉蛋糕钱夹（6卡位-普通款）	新图案，细节更精美	5.99	3.9	0.279318770941421
109	2640404	张子轩	UK	【126pc】4宫格中款甜美亮面穿戴甲【TD351】备注：额外下单5张对应的胶，1个迷你搓条	新品热销，价格优势	5.99	6.59	0.235570017163657
110	2640405	张子轩	UK	【126pc】4宫格中款甜美亮面穿戴甲【TD352】备注：额外下单5张对应的胶，1个迷你搓条	新品热销，供应商新款，价格优势	5.99	6.59	0.235570017163657
111	2640406	张子轩	UK	亚克力心形水晶吊坠挂件礼盒装【10*9*0.5爱心挂件18】备注：确认一下盒子的照片是否正确	供应商新款，知更鸟元素	7.99	10	0.231326775565476
112	2640407	张子轩	UK	【带磁】【4pc】母女心形拼接项链钥匙扣两件套【一对项链+一对银色钥匙扣】	供应商新款，新增的项链加配套钥匙扣，经典组合	7.99	12.5	0.23700131604787
113	2640408	张子轩	UK	【5pc】姐妹家庭钥匙扣套装【四件钥匙扣+粉色绒布袋】	供应商新款，十月开始起量	7.99	12.5	0.23700131604787
114	2640409	张子轩	UK	【6pc】波西米亚风手工编织十字架钥匙扣【粉色+黑色+天蓝+紫色+白色+棕色】	选了最好卖的颜色作为组合，英国无竞品，且价格优势	6.99	10.14	0.226497706660234
115	2640410	张子轩	UK	DIY创意折叠生日红包【白色】	新配色，美国热销，英国无竞品	4.99	2.6	0.231580021870439
116	2660243	黄雨珊	UK	【2套】蝾螈牵手袜	供应商新款有销量，，2双装高性价比	8.99	13.6	0.205608235015226
117	2660244	黄雨珊	UK	【6pcs】航海远航涤纶挂绳带卡套【天蓝乌龟】【白色乌龟】【红色乌龟】【新款黑色海浪】【新款湖绿海浪】【新款浅蓝海浪】-供应商打包	供应商新款和销量好的款组合，性价比高，同价格多2pcs	8.99	10.2	0.236787817846006
118	2660245	黄雨珊	UK	【4条】单身女郎派对趣味闪粉横幅装饰	新组合，美国销量好，英德都有销量无同款	6.99	8.88	0.202023131070482
119	2660246	黄雨珊	UK	【17pcs】女生健身房生日派对蛋糕装饰插牌【1件大插牌，Y-00595-4】【16件小插牌，Y-00595-5】-供应商打包	供应商新款销量好，便宜2英镑多16pcs，英德有市场	5.99	5.4	0.232332282922748
120	2660247	黄雨珊	UK	【定制】【6pcs】金属圆珠笔好运礼物【玫红触控头黑】【橘红触控头黑】【浅黄色控头黑】【绿色控头黑】【蓝色控头黑】【深蓝控头黑】-拿图找客服定制文字-供应商打包	性价比高，比同数量6便宜，款式销量好	7.99	8.7	0.243783798835195
121	2660248	黄雨珊	UK	狗狗橡胶咀嚼玩具【RT马卡龙黄】	新款颜色	8.99	10.8	0.210833921635541
122	2660249	黄雨珊	UK	【2pcs】树脂食玩解压玩具钥匙扣【113-两键吐司-不带灯】【114-I型贝果-不带灯】-供应商打包	新款两件装	8.99	12.1	0.193901238169916
123	2660250	黄雨珊	UK	【10pcs】黑色【03】【06】【08】，粉色【01】【04】【05】，黄色【01】【02】，棕色【13】【10】	款式不同，多1pcs	7.99	10.1	0.223266348743892
124	2660251	黄雨珊	UK	【1套】复古唯美网纱头饰带发箍和金属发夹【裸粉】	粉色销量好	9.99	9	0.216817402882977
125	2660252	黄雨珊	UK	【2pcs】4年计划本套装【2027日程本35-棕】【金色豹纹】-仓库打包	供应商新款，豹纹笔记本销量好，有价格优势	8.99	11.65	0.21790136321127
126	2620720	龙梦临	DE	人偶13关节可动3D打印第3代假人玩偶【暗黑死神黑红*成品款（拼好）备注：与商家协商11.5元一套】	在英国出的还行	8.99	11.5	0.233945124212087
127	2620912	龙梦临	DE	【4pcs】开学季女孩勇气石天使手链【勇气石盒子+粉晶天使手链】	供应商新款，无同款搭配，九月份开学季	7.99	11	0.234438881935753
128	2550899	陈杨	DE	高地牛熟食拼盘【B款上色】	德国没有FBA，各个FBM链接都有量	19.99	31	0.237943971985993
129	2551868	陈杨	DE	金属铁艺花艺摆件【罗宾】	销量非常好，速上	19.99	20	0.225682285587238
130	2551925	陈杨	DE	金属铁艺花艺摆件【蓝鸟】	销量非常好，速上	19.99	20	0.225682285587238
131	2551942	陈杨	DE	【3pcs】鸟水池清洁器-【叶子】	销量非常好，速上	13.99	24	0.210614724803431
132	2561312	宋凤莉	DE	【50pcs】沙盘人物玩偶模型（1:50比例）【备注：50个/包，加1.5元/包打包费，要主图上相似款，每包款式丰富，包装厚度控制在2.5cm内】	放的自己的链接，做的1:50比例，市场上性价比很高，利润不错	11.99	19	0.243800389213233
133	2660238	黄雨珊	DE	【13pcs】越野摩托车主题派对插牌【大插排*1】【小插排*12】-供应商打包	越野车主题销量好，有价格优势，组合不同	5.99	2.5	0.243614259519183
134	2660239	黄雨珊	DE	【18pcs】开学季圆形立体铅笔异形纸盒子套装【KZ114款 12纸盒（六款各2个）】【贴纸*6】-仓库打包	销量很好，开学季流量持续到九月，贴纸款式有差异化	9.99	10.91	0.20709042375709
135	2660242	黄雨珊	DE	【定制】【露营车主题】收纳筐礼物【21*14cm】	露营车主题市场大，上新多，图案已改	11.99	8.5	0.197400611620795
