sku,name,month,batch_count,purchase,sales,rate,unsold
2551363,绿色拖拉机风车造型旋转轮,4月,10,225,88,39.1,137
2561288,【定制】护腕鼠标垫【黑猫】【228*192*16mm】,5月,9,200,50,25.0,150
2561105,【22pcs】农场动物蛋糕装饰品【备注：每款各1装一包，加0.2元包装费】,4月,9,190,57,30.0,133
2561377,【4pcs】毛绒小笼包钥匙扣解压玩具-【备注：这4款装一袋】,5月,7,160,31,19.4,129
2551453,365天女性祈祷皮革本,5月,7,270,60,22.2,210
2561220,可爱卡皮塑料杯800ml-【粉色（实色）】,4月,7,410,120,29.3,290
2561211,【定制】防水透明收纳包【药物】【备注：联系供应商，拿图要这款】,4月,7,150,45,30.0,105
2561300,【30pcs】露营宾果游戏卡【备注：30张/包】,5月,7,190,59,31.1,131
2561162,【76pcs】丛林动物主题生日装饰套装-【动物肩带款】【备注：套装包装高度压缩至2.5cm】,4月,7,135,44,32.6,91
2620469,可塑形冰皮糯米糍捏捏手作球【草莓糯米糍【送抽气针】6cm 备注：联系客服改价运费10元】,4月,7,175,64,36.6,111
2561212,【定制】防水透明收纳包【数据线】,4月,7,125,47,37.6,78
2630680,基督教祈祷本,5月,6,345,49,14.2,296
2561362,【4pcs】猫咪木质相框装饰冰箱贴【SCE146 3/5/6】-带磁产品！【备注：联系供应商，图片四个款一装，包装高度不超过2.5cm】,5月,6,80,15,18.8,65
2551576,【定制】亚克力挂牌-【京都】,5月,6,170,32,18.8,138
2620598,【定制】蛋壳杯-粉红牛仔1,5月,6,110,22,20.0,88
2551574,【2pcs】花朵喂水器【蓝色】,5月,6,130,31,23.8,99
2620681,木制复古书籍阅读追踪器桌面装饰【款式11(原色)*单层厚0.5cm】,5月,6,95,28,29.5,67
2561213,【定制】防水透明收纳包【药丸】,4月,6,180,58,32.2,122
2620580,【4pcs】易拉罐塑料盖子【新款全款4包-opp袋子独立包装 备注：下单备注4只装平铺打包】,5月,6,225,74,32.9,151
2620505,【4pcs】关节可动3d打印积木人偶玩具【（红色送【4武器+6手型】＋橙蓝送【4武器+6手型】＋紫色送【4武器+6手型】＋夜光送【4武器+6手型】)*成品无需拼装 备注四款各1为一套彩盒打包并协商包邮】,4月,6,165,55,33.3,110
2561277,【定制】化妆包【防晒护理】,5月,6,185,64,34.6,121
2630534,【定制】铁皮画-花园【fuck打码】,4月,6,115,40,34.8,75
2561285,【2pcs】怀孕徽章 【备注：两个装】,5月,6,220,79,35.9,141
2551507,防水药片收纳包【黑色14页】,5月,5,425,61,14.4,364
2561452,【4sets】爱心镜面反光驱鸟风铃-【10cm4条12片爱心】【备注：盒装+0.5元】,5月,5,105,17,16.2,88
2561416,针织松鼠杯垫,5月,5,200,44,22.0,156
2620435,【定制】铁皮画-30*20-花园标语,4月,5,140,33,23.6,107
2630512,【2pcs】麦芽糖高地牛捏捏【麦芽糖黑角牛蓝色+麦芽糖黑角牛粉色】【仓库包装】,4月,5,185,45,24.3,140
2630491,【定制】【6pcs】海报内芯-黑白豹纹六联画,4月,5,120,30,25.0,90
2551467,知更鸟金属工艺品,5月,5,250,63,25.2,187
2561273,【4sets】6到7岁生日主题装饰用品套装-【纸旗1套（3个banner）+插旗12个+大插旗1个+16个气球】,5月,5,155,39,25.2,116
2620586,头巾固定专用发箍【橡胶材质磨砂面轻薄款（不带盒） 备注：下单备注要光滑表面的并联系改价】,5月,5,260,66,25.4,194
2551320,【2pcs】恶魔眼太阳能无线装饰灯【Y1*1+Y2*1】带电,4月,5,135,35,25.9,100
2561194,【定制】塑料杯750ml【多款蝴蝶结】,4月,5,135,36,26.7,99
2551557,【600pcs】彩色夜光花园石 下单备注用白色标签盖住国旗,5月,5,85,23,27.1,62
2620683,【定制】书本收纳袋-第四翼龙2,5月,5,90,26,28.9,64
2551515,复古宣言圆铁牌,5月,5,95,28,29.5,67
2551451,【定制】【2pcs】钓鱼纪念币【钓鱼骷髅-3D】,5月,5,115,36,31.3,79
2561289,【定制】护腕鼠标垫【高地牛】【228*192*16mm】,5月,5,120,40,33.3,80
2620555,【定制】挂牌-狐狸与花,4月,5,100,35,35.0,65
2561130,【定制】亚克力地插【天使翅膀女孩】-【20*15cm 两个脚】,4月,5,160,58,36.2,102
2551516,火柴人积木【透明紫】【武器颜色随机】,5月,5,120,44,36.7,76
2561447,【100pcs】夜光海洋树脂动物-【夜光海洋系列*100】【备注：100个一包，要款式丰富的，加0.5元/包打包费】,5月,4,90,12,13.3,78
2561407,手工diy动物珠子套装【迷你包精品店（不带彩盒）】【飞机盒装】,5月,4,70,11,15.7,59
2561443,【定制】金属铁艺装饰画【园林款2】【30cm】,5月,4,55,11,20.0,44
2561380,【8pcs】水晶包子捏捏乐-【4个纯色款+4个亮片款】,5月,4,80,16,20.0,64
2630494,【定制】挂牌-猫咪窗台,4月,4,55,11,20.0,44
2620579,【2pcs】口袋天使拥抱纪念礼物【c＋E 备注：下单备注两款各1为一套打包】,5月,4,160,32,20.0,128
2561181,【定制】塑料杯750ml【游戏机】,4月,4,200,40,20.0,160
2630592,蕾丝甜心方形收纳【粉格】,5月,4,75,18,24.0,57
2561365,【9pcs】木质花园景观装饰【备注：联系供应商，图片这9款装一袋】,5月,4,75,18,24.0,57
2551607,扁嘴排风管接头,5月,4,100,24,24.0,76
2620659,【3sets】火柴人玩具diy拼装模型【【黑色】火柴人+武器＋【红色色】火柴人+武器＋【黄色】火柴人+武器 备注：三款各1为一套打包并改价8.4】,5月,4,170,43,25.3,127
2561179,【定制】塑料杯750ml【游戏主题】,4月,4,135,35,25.9,100
2551399,【定制】亚克力挂牌-【缤纷蝴蝶】,4月,4,90,24,26.7,66
2561180,【定制】塑料杯750ml【游戏足球主题】,4月,4,170,46,27.1,124
2551375,【定制】亚克力挂牌-【月亮睡猫】,4月,4,75,21,28.0,54
2551454,【定制】亚克力拼图挂牌-【花红柳绿】,5月,4,110,31,28.2,79
2561446,【50pcs】夜光海洋树脂动物-【夜光海洋系列*50】【备注：50个一包，要款式丰富的，加0.5元/包打包费】,5月,4,85,24,28.2,61
2620636,【定制】挂牌-仙女与花2【配图片的铁链】,5月,4,55,16,29.1,39
2551350,【定制】亚克力吊坠挂牌-【robin】,4月,4,75,22,29.3,53
2551336,【定制】亚克力拥抱卡片-【耶稣】卡片7*6,4月,4,95,28,29.5,67
2630477,【2pcs】益智拼图玩具【（聚丙烯款）逻辑拼图（88题）+益智积木（365题）】,4月,4,70,21,30.0,49
2620667,【8pcs】豹纹蝴蝶结铝膜气球装饰用品【豹纹蝴蝶结＋18寸豹纹爱心*3＋18寸豹纹五角星*4 备注：下单备注蝴蝶结1＋爱心3＋五角星4为一套打包并打包费0.3元】,5月,4,80,24,30.0,56
2630565,鸟水池清洁器【A鸟饮水】,5月,4,85,26,30.6,59
2551394,没挂帽子【拼色】,4月,4,85,26,30.6,59
2561163,【40pcs】1岁野生动物气球套装-【套装1】【备注：改价10元/套】,4月,4,85,26,30.6,59
2561330,高地牛木质桌面摆件-【SCF086-2】,5月,4,80,25,31.2,55
2561157,【定制】亚克力挂牌【园林郁金香】,4月,4,75,24,32.0,51
2551373,【定制】亚克力挂牌-【扎堆鸟2】,4月,4,100,32,32.0,68
2620494,【定制】挂牌-恶魔之眼1,4月,4,70,24,34.3,46
2620666,【2sets】白色蕾丝荷叶边可爱女袜【小腿白色＋过膝白色 备注：下单备注两款各1 为一套打包】,5月,4,75,26,34.7,49
2551413,【定制】亚克力拼图挂牌-【生命树】,4月,4,70,25,35.7,45
2630506,【定制】亚克力地插-爱心天使,4月,4,95,34,35.8,61
2630495,【定制】化妆包-数据线,4月,4,60,22,36.7,38
2620468,可塑形冰皮糯米糍捏捏手作球【芋泥糯米糍【送抽气针】6cm】,4月,4,75,28,37.3,47
2620449,【3set】粉红樱桃生日派对装饰【BA477】,4月,4,80,30,37.5,50
2620656,翼龙书架装饰品【1件装*厚度4mm-包邮】,5月,4,90,34,37.8,56
2551315,【发图定制】亚克力拥抱卡片【卡纸7*6cm】-高地牛 下单发图给客服,4月,4,80,31,38.8,49
2630596,【50pcs】火漆印章贴纸【下单备注50个一包】【椭圆迷迭树枝—焦铜色】【浮雕花边迷迭香树枝-古铜色】【浮雕圆形迷迭香-古铜色】【浮雕玫瑰—深红】【蝴蝶结-裸粉】,5月,3,60,3,5.0,57
2551477,【定制】【2pcs】亚克力花盆装饰-【知更鸟】,5月,3,60,3,5.0,57
2561445,【8pcs】油画系列金属书签夹 【备注：这8款一装，加1元/套包装费】,5月,3,60,6,10.0,54
2561361,【4pcs】风景木质相框装饰冰箱贴【SCE144-2/3/4/5】-带磁产品！【备注：联系供应商，图片四个款一装，包装高度不超过2.5cm】,5月,3,45,5,11.1,40
2630671,豹纹单身派对拉旗,5月,3,42,5,11.9,37
2630727,【12pcs】海洋主题鞋花,5月,3,50,7,14.0,43
2620607,【定制】挂牌-海边灯塔3,5月,3,40,6,15.0,34
2620655,【定制】立牌-天使4,5月,3,65,10,15.4,55
2620736,【2pcs】感谢礼物家居桌面树脂装饰摆件【手捧爱心天使（粉色）】,5月,3,60,10,16.7,50
2551617,装饰庭院景观灯【紫色】带电,5月,3,60,10,16.7,50
2630738,【定制】护腕鼠标垫,5月,3,60,10,16.7,50
2630599,【定制】木质挂牌-花朵welcome【20*20】,5月,3,60,10,16.7,50
2620654,【定制】亚克力地插-天使4-【20*15cm 两个地插】,5月,3,65,11,16.9,54
2561268,【10pcs】限位石膏板螺丝批头套装-【铝磁圈定位螺丝-黄*10】-带磁产品！【备注：10个/盒，改价22元一套】,5月,3,40,7,17.5,33
2551344,【定制】亚克力拥抱卡片-【知更鸟】 十字架 6x 7.4cm；卡片10*14cm,4月,3,40,8,20.0,32
2620706,【2pcs】多巴胺牙线盒【粉色＋绿色 备注：两款各1 为一套平铺打包】,5月,3,75,15,20.0,60
2551469,【定制】【2pcs】亚克力花盆装饰-【麻雀】要金属杆子,5月,3,40,8,20.0,32
2561333,【3pcs】三不猫头鹰摆件-【大眼三不兰】【备注：改价单价18元】,5月,3,40,8,20.0,32
2620569,【2pcs】67亚克力钥匙扣【1*2 备注：下单备注两件装为一套打包】,4月,3,80,16,20.0,64
2620642,【2pcs】巧克力捏捏乐【超软*巧克力块＋新款粉色*巧克力块 备注：两款各1为一套平铺打包】,5月,3,70,15,21.4,55
2561387,【定制】怀孕宣告连体衣【0-3月】【孙子/孙女在路上】,5月,3,60,13,21.7,47
2630667,吐司分区笔筒,5月,3,60,13,21.7,47
2551563,【定制】铁皮画-【别fxxk我的快乐之家圆形】,5月,3,55,12,21.8,43
2561418,【2pcs】海洋贝壳立体捏捏【贝壳捏捏绿色 4.5CM（PVC袋装）*2】【备注：要两个装】,5月,3,55,12,21.8,43
2620733,便利贴组合套装【高地牛组合】,5月,3,45,10,22.2,35
2551549,可爱动物串珠工艺套装【松鼠】,5月,3,45,10,22.2,35
2620645,【定制】亚克力地插-小熊1-【20*15cm 两个地插】,5月,3,40,9,22.5,31
2551421,【定制】亚克力挂牌-【蓝花】,4月,3,35,8,22.9,27
2630729,【40pcs】牛仔主题派对纸巾,5月,3,65,15,23.1,50
2561247,【定制】亚克力挂牌【天使翅膀】,4月,3,65,15,23.1,50
2620570,【定制】挂牌-蝴蝶花丛1,5月,3,30,7,23.3,23
2630522,【32pcs】紫色音乐蛋糕装饰,4月,3,55,13,23.6,42
2551468,【定制】【2pcs】亚克力花盆装饰-【罗宾鸟】要金属杆子,5月,3,45,11,24.4,34
2551422,苹果捏捏乐【绿*1】,4月,3,65,16,24.6,49
2630529,【定制】挂牌-生命树,4月,3,40,10,25.0,30
2551521,还没挂帽子【黑色】,5月,3,55,14,25.5,41
2630487,【定制】-木质挂牌-浴室高地牛,4月,3,70,18,25.7,52
2561276,【定制】化妆包【邮轮物品】,5月,3,50,13,26.0,37
2630528,【定制】挂牌-恶魔之眼,4月,3,30,8,26.7,22
2561388,【定制】怀孕宣告连体衣【0-3月】【孙子/孙女即将降临】,5月,3,60,16,26.7,44
2620682,木制复古书籍阅读追踪器桌面装饰【款式二*双层】,5月,3,55,15,27.3,40
2551568,【定制】亚克力挂牌-【蝙蝠】,5月,3,40,11,27.5,29
2561458,【100pcs】宾果游戏卡不重复,5月,3,40,11,27.5,29
2630525,【定制】束口袋-碎花蝴蝶结,4月,3,40,11,27.5,29
2551482,高地牛月份钥匙扣【高地牛钥匙扣A十月】粉宝石,5月,3,45,13,28.9,32
2620568,硅胶桌面平板笔记本架【星际黑*柔性变形散热支架B款】,4月,3,75,22,29.3,53
2561115,高地牛桌面便签架（带100张便利贴）-【棕色】【备注：改价21元/套】,4月,3,40,12,30.0,28
2551472,【定制】【2pcs】亚克力花盆装饰-【飞舞知更鸟】下单备注要金属杆子,5月,3,60,18,30.0,42
2561406,儿童木质放大镜探险玩具套装,5月,3,60,18,30.0,42
2620588,【定制】手工钩织正能量礼物【星星 备注：将成品图和卡片图一起发给供应商并改价8.5】,5月,3,70,23,32.9,47
2561166,甜美蝴蝶结化妆包-【丝带领带蝴蝶结 小号】,4月,3,70,23,32.9,47
2630728,【定制】新娘蓝色祝福胸针【蓝珍珠天使挂件】【定制卡片】,5月,3,45,15,33.3,30
2561413,【定制】亚克力挂牌【花篮高地牛】,5月,3,60,20,33.3,40
2551402,【定制】亚克力挂牌-【钻石海】,4月,3,60,20,33.3,40
2551414,【定制】亚克力拼图挂牌-【山间小野】,4月,3,30,10,33.3,20
2620693,【定制】【4pcs】亚克力出风口夹-第四翼龙1,5月,3,35,12,34.3,23
2551425,烫钻粉色立体生日贺卡【mum】,4月,3,60,21,35.0,39
2620546,星星魔法棒非接触式支付夹【彩虹色（气泡袋）备注：协商7.5一套】,4月,3,80,28,35.0,52
2630521,梦幻彩色包子捏捏,4月,3,85,30,35.3,55
2551483,瑜伽女孩人物雕像【A】,5月,3,30,11,36.7,19
2620564,【6pcs】木质工艺品庭院树挂墙面装饰【SCM2276六件套*3mm白色木板一张小圆胶】,4月,3,40,15,37.5,25
2620514,【定制】小手提包-黑猫与月亮1,4月,2,30,0,0.0,30
2551368,蒸笼包子捏捏乐【透粉色】,4月,2,35,0,0.0,35
2551132,【2pcs】立方海岛贝壳捏捏5.5cm【蓝色*2】,5月,2,30,0,0.0,30
2561267,【10pcs】限位石膏板螺丝批头套装-【铝磁圈定位螺丝-黑*10】-带磁产品！【备注：10个/盒，改价22元一套】,5月,2,30,1,3.3,29
2630679,【2pcs】甜酷y2k粉色蝴蝶结钥匙扣【门扣版+门扣版粉色领结】,5月,2,30,1,3.3,29
2561457,【2pcs】不锈钢蝴蝶吊坠钥匙扣【F款+G款】【备注：这两款装一包】,5月,2,35,2,5.7,33
2561229,【20pcs】水管接头套装-【20PCS欧规】,4月,2,30,2,6.7,28
2620458,【定制】化妆包-粉色豹纹1,4月,2,30,2,6.7,28
2630551,【2pcs】水豚吐司钥匙扣【头顶橘子+洗澡】,4月,2,30,3,10.0,27
2561255,【3pcs】指甲角质层护油笔-带液体！【备注：三只装，平铺包装】,4月,2,40,4,10.0,36
2630463,【定制】挂牌-花丛,4月,2,30,3,10.0,27
2561463,P-40汽车出风口夹螺旋桨-【绿色虎头】,5月,2,45,5,11.1,40
2561449,【定制】大号围裙【草坪高地牛】,5月,2,35,4,11.4,31
2561151,【定制】亚克力挂牌【鲜艳郁金香】,4月,2,35,4,11.4,31
2561228,【15pcs】水龙头接头软管套装-【套装23（散装）】【备注：一套袋装，加0.2元/包打包费】,4月,2,30,4,13.3,26
2551342,【定制】20oz汽车杯-【第四翼龙】,4月,2,40,6,15.0,34
2561386,【8pcs】木质猫头鹰杯垫,5月,2,35,6,17.1,29
2551528,宠物牙垢剂60ml【下单说跟客服对接雪花】-带液体,5月,2,35,6,17.1,29
2551391,【4pcs】洗车机配件【1个洗车机C形卡环*4】下单备注四个一套盒装,4月,2,30,6,20.0,24
2620554,【定制】挂牌-第四翼龙2,4月,2,30,6,20.0,24
2551519,【21pcs】绿色傻鹅主题生日派对拉旗吊旋,5月,2,40,8,20.0,32
2561410,【定制】大号围裙【烫手高地牛】,5月,2,30,6,20.0,24
2551543,手工diy动物珠子套装【池塘朋友】,5月,2,30,6,20.0,24
2561271,【9pcs】卡皮蛋糕装饰品,5月,2,30,6,20.0,24
2620625,2d平面木质摆件【19】,5月,2,40,8,20.0,32
2561357,吐泡泡包子蒸笼玩具-【紫色（带蒸笼）】【备注：独立opp袋装，加0.2元/个】,5月,2,40,9,22.5,31
2561134,彩虹蛋糕慢回弹捏捏乐,4月,2,65,15,23.1,50
2620626,【定制】挂牌-海边贝壳,5月,2,30,7,23.3,23
2551445,【定制】3D旋转风铃金属挂牌-【大海无量】【20*20】,4月,2,30,7,23.3,23
2551443,【定制】3D旋转风铃金属挂牌-【第四翼龙】【20*20】,4月,2,30,7,23.3,23
2620578,【6pcs】粉色木质杯垫【六件套*10*10*0.5cm 备注：下单备注分两列打包】,5月,2,30,7,23.3,23
2630731,【100pcs】金葱鱼十字架树叶鸽子洗礼木片,5月,2,45,11,24.4,34
2561462,P-40汽车出风口夹螺旋桨-【绿色鲨鱼嘴】,5月,2,40,10,25.0,30
2620688,【2pcs】【青色67钥匙扣【5cm】＋粉色67钥匙扣【5cm】 备注：两款各1为一套平铺打包】,5月,2,40,10,25.0,30
2561450,【定制】大号围裙【做饭高地牛】,5月,2,40,10,25.0,30
2630739,【定制】铁皮画-花园鸟,5月,2,55,14,25.5,41
2551389,【定制】木质挂牌-花园守护者【20*20】,4月,2,35,9,25.7,26
2551544,手工diy动物珠子套装【农场小可爱】,5月,2,35,9,25.7,26
2551438,【定制】单肩方包【game】【备注：压缩包装加1元】,4月,2,30,8,26.7,22
2561448,【3sets】海滩单身派对装饰 【备注：链接里拉旗和拉花组一包】,5月,2,30,8,26.7,22
2551577,【定制】亚克力挂牌-【猫月亮】,5月,2,45,12,26.7,33
2620641,【2pcs】巧克力捏捏乐【超软*巧克力块*2 备注：两件装平铺打包】,5月,2,55,15,27.3,40
2620624,【6pcs】67球队亚克力平面挂件【下单备注六款各1为一套打包】,5月,2,40,11,27.5,29
2551559,【定制】铁皮画-【向日葵欢迎牛】,5月,2,35,10,28.6,25
2630656,北欧风格装饰假书【7.8一套opp袋装】,5月,2,35,10,28.6,25
2620668,【3sets】长款流苏耳钉女【套装2 备注：协商11元一套】,5月,2,35,10,28.6,25
2620646,【定制】立牌-天使3,5月,2,45,13,28.9,32
2561264,【31pcs】西部牛仔方巾蛋糕装饰【备注：套装包装尺寸高度控制在4cm内】,5月,2,30,9,30.0,21
2620704,【定制】挂牌-书橱,5月,2,30,9,30.0,21
2561331,高地牛木质桌面摆件-【SCF088-3】,5月,2,30,9,30.0,21
2620665,【3pcs】粉色蝴蝶结书签套装【SQ0959＋SQ1354＋盒子 备注：麻烦仓库将两款书签各1放入盒子中打包】,5月,2,30,9,30.0,21
2561280,【定制】【2pcs】超细纤维毛巾套装【伦敦主题】【备注：这两条装一袋，真空压缩】,5月,2,30,9,30.0,21
2561275,【定制】化妆包【邮轮与度假】,5月,2,30,9,30.0,21
2630459,【定制】化妆包-伦敦,4月,2,30,9,30.0,21
2551479,【定制】【2pcs】超细纤维毛巾套装【草原牛款】【备注：这两条装一袋，真空压缩】,5月,2,45,14,31.1,31
2551481,高地牛月份钥匙扣【高地牛钥匙扣B十月】粉宝石,5月,2,40,13,32.5,27
2620300,耗牛冰格模具【高地牛单腔冰模】,4月,2,30,10,33.3,20
2561131,【定制】亚克力地插【高地牛蝴蝶款】-【20*15cm 两个脚】,4月,2,30,10,33.3,20
2630586,【4pcs】可爱黑猫印章,5月,2,30,10,33.3,20
2551562,【定制】铁皮画-【别fxxk我的快乐之家】,5月,2,30,10,33.3,20
2551376,【定制】亚克力挂牌-【发散生命树】,4月,2,30,10,33.3,20
2551456,【定制】亚克力挂牌-【海龟】,5月,2,30,10,33.3,20
2620478,【定制】挂牌-海边日出3,4月,2,30,10,33.3,20
2620680,【2pcs】新款光感变色串珠项链【吊坠两件】,5月,2,30,10,33.3,20
2561292,【10pcs】彩色亮片乌龟口袋拥抱卡 【备注：10款组一包】,5月,2,35,12,34.3,23
2551400,【定制】亚克力挂牌-【向日葵牛牛】,4月,2,35,12,34.3,23
2551566,【定制】亚克力挂牌-【蜂鸟】,5月,2,35,12,34.3,23
2561153,【20pcs】助听器硅胶耳塞（10mm+8mm)【备注：8mm和10mm各10个装一盒(先8mm和10mm各10个袋装，再一起盒装)】,4月,2,35,12,34.3,23
2630429,【定制】挂牌-蝴蝶,4月,2,35,12,34.3,23
2551428,【定制】亚克力挂牌-铁链按照图片-【舞者】,4月,2,30,11,36.7,19
2620507,【定制】挂牌-恶魔之眼2,4月,2,30,11,36.7,19
2551573,【2pcs】花朵喂水器【绿色】,5月,2,30,11,36.7,19
2551541,手工diy动物珠子套装【后院鸟类（不带彩盒）】,5月,2,30,11,36.7,19
2561412,女性治愈水晶手链卡片套装-【花绿石手链】,5月,2,35,13,37.1,22
2630573,【33pcs】生日宾果游戏卡,5月,2,40,15,37.5,25
2551343,高地牛门铃,4月,2,40,15,37.5,25
2620558,【2set】趣味I WAS 6 NOW I'M 7生日装饰【I WAS 6 NOW I'M 7生日蛋糕插牌*配胶点2根塑料棍＋I WAS 6 NOW I'M 7生日快乐粉色拉旗 备注：下单备注两款各1为一套打包】,4月,2,40,15,37.5,25
